customer_id,Frequency,Monetary,recency,Age,membership,gender,home_store,count_instore,count_online,average_amont,higest_purchase,lowest_purchase
1,8,29.2,1,68,27,M,3,2,6,3.65,6.2,2.5
2,21,90.35,4,68,27,M,3,9,12,4.3,12,2
3,31,188.9,6,68,27,M,3,17,14,6.09,23,0.8
4,9,28.75,4,68,27,M,3,4,5,3.19,6,0.8
5,6,23.5,1,68,27,M,3,2,4,3.92,7.5,2
6,12,44.05,9,68,27,M,3,7,5,3.67,6,0.8
7,11,54.5,2,67,27,M,3,3,8,4.95,7.5,2.2
8,13,61.2,4,67,27,M,3,7,6,4.71,7,2
9,12,54.25,4,67,27,M,3,1,11,4.52,9.5,1.6
10,12,46.9,1,67,27,M,3,9,3,3.91,7,2.2
11,10,39.9,2,67,26,M,3,6,4,3.99,6,1
12,10,37,3,67,26,M,3,8,2,3.7,6,2
13,6,25.95,8,66,26,M,3,4,2,4.33,6,2.2
14,14,47.1,1,66,26,M,3,11,3,3.36,6,1
15,17,68.25,9,66,26,M,3,2,15,4.01,8.5,1
16,13,72,4,66,26,M,3,4,9,5.54,9,3
17,2,6.2,11,66,26,M,3,2,0,3.1,3.1,3.1
18,10,43.45,9,66,26,M,3,4,6,4.35,18,1
19,8,35.8,6,65,26,M,3,3,5,4.48,9.5,2.45
20,9,41,3,65,26,M,3,7,2,4.56,8.5,2.5
21,5,21.75,1,65,26,M,3,1,4,4.35,8.5,2.5
22,24,118.85,1,65,25,M,3,11,13,4.95,22.5,0.8
23,9,34.8,4,65,25,M,3,3,6,3.87,6,2.2
24,13,58.85,5,65,25,M,3,6,7,4.53,8.5,1
25,14,65.2,2,64,25,M,3,10,4,4.66,14.75,2
26,22,94.65,11,64,25,M,3,5,17,4.3,8,2.2
27,5,15.6,3,64,25,M,3,3,2,3.12,4.5,2.5
28,20,128.05,3,64,25,M,3,6,14,6.4,45,2.5
29,7,33.7,1,64,25,M,3,6,1,4.81,15,2
30,12,43.2,9,63,25,M,3,3,9,3.6,9,1
31,8,34,1,63,25,M,3,4,4,4.25,7.5,2
32,8,29.85,4,63,24,M,3,5,3,3.73,5,2.45
33,13,72.35,2,63,24,M,3,8,5,5.57,9.5,2
34,15,85.23,3,63,24,M,3,11,4,5.68,13.33,1.6
35,15,66.25,6,63,24,M,3,7,8,4.42,7.5,3
36,6,32.25,5,62,24,M,3,3,3,5.38,8.5,2.5
37,10,47.6,3,62,24,M,3,4,6,4.76,9,2.5
38,12,51.75,1,62,24,M,3,8,4,4.31,8.5,0.8
39,15,107.4,9,62,24,M,3,5,10,7.16,18,2.2
40,14,72.1,3,62,24,M,3,9,5,5.15,18,2.5
41,14,58.1,9,62,24,M,3,7,7,4.15,7,2.5
42,13,62.55,9,61,24,M,3,8,5,4.81,7.5,0.8
43,10,42.15,1,61,24,M,3,5,5,4.22,7.5,2.5
44,11,46,8,61,23,M,3,8,3,4.18,7,1
45,6,66.85,3,61,23,M,3,2,4,11.14,45,2.45
46,13,56.55,5,61,23,M,3,7,6,4.35,7.5,2.2
47,10,49.2,3,61,23,M,3,5,5,4.92,7.5,2
48,15,65.35,4,60,23,M,3,3,12,4.36,8,1.6
49,8,32.15,4,60,23,M,3,3,5,4.02,6,2.5
50,12,47.4,17,60,23,M,3,2,10,3.95,7.5,3
51,10,37.9,8,60,23,M,3,4,6,3.79,7,2.2
52,12,56.15,3,60,23,M,3,4,8,4.68,8.5,2
53,17,81.7,3,60,23,M,3,7,10,4.81,9,1
54,12,51.25,1,59,23,M,3,4,8,4.27,8.5,0.8
55,11,48.05,4,59,22,M,3,5,6,4.37,7.5,2.2
56,7,30.2,1,59,22,M,3,4,3,4.31,6.2,0.8
57,11,48.5,1,59,22,M,3,6,5,4.41,7.5,2.5
58,15,73.55,4,59,22,M,3,10,5,4.9,8.5,0.8
59,10,38.85,4,59,22,M,3,5,5,3.89,8,0.8
60,15,81.61,3,58,22,M,3,10,5,5.44,13.33,2
61,7,37.6,12,58,22,M,3,1,6,5.37,9.5,2.5
62,10,44.85,9,58,22,M,3,2,8,4.49,7.5,2.5
63,10,39.45,1,58,22,M,3,8,2,3.95,6,2.2
64,15,63.85,6,58,22,M,3,11,4,4.26,9.5,2.2
65,16,95.9,1,58,22,M,3,9,7,5.99,20.45,2
66,13,62.75,11,57,21,M,3,8,5,4.83,9.5,1
67,11,53.95,2,57,21,M,3,4,7,4.9,9.5,2.5
68,7,38.5,17,57,21,M,3,3,4,5.5,8.5,2.5
69,16,76.15,6,57,21,M,3,8,8,4.76,8.5,2
70,15,70,3,57,21,M,3,7,8,4.67,9.5,2
71,9,53.15,20,57,21,M,3,4,5,5.91,10.95,2
72,9,31.25,2,56,21,M,3,8,1,3.47,5,2
73,9,43,1,56,21,M,3,3,6,4.78,6,3
74,10,45,3,56,21,M,3,5,5,4.5,8,1.6
75,11,47,2,56,21,M,3,4,7,4.27,8.5,2.5
76,11,47.55,4,56,21,M,3,2,9,4.32,8.5,1.6
77,4,17.4,4,55,20,M,3,2,2,4.35,6,3
78,5,25.7,3,55,20,M,3,3,2,5.14,7.5,2.2
79,5,22.25,20,55,20,M,3,2,3,4.45,6,3
80,15,61.45,3,55,20,M,3,7,8,4.1,9,0.8
81,21,84.45,1,55,20,M,3,13,8,4.02,7,0.8
82,13,64.25,2,55,20,M,3,7,6,4.94,8.5,3
83,12,50.95,8,54,20,M,3,4,8,4.25,8.5,2.2
84,10,51,11,54,20,M,3,5,5,5.1,7.5,3.5
85,6,23.35,7,54,20,M,3,0,6,3.89,7.5,1
86,7,32.7,1,54,20,M,3,1,6,4.67,6,3.1
87,13,49.2,1,54,20,M,3,6,7,3.78,6.2,2.45
88,11,41.45,9,54,19,M,3,6,5,3.77,6.2,2.5
89,8,34.45,5,53,19,M,3,5,3,4.31,7,2.5
90,16,64.6,17,53,19,M,3,10,6,4.04,9,0.8
91,8,38.05,19,53,19,M,3,0,8,4.76,9,2.55
92,11,49.25,2,53,19,M,3,3,8,4.48,7,2
93,4,20.5,10,53,19,M,3,1,3,5.13,7.5,3.25
94,11,53.35,2,53,19,M,3,5,6,4.85,7.5,3
95,12,51.95,4,52,19,M,3,4,8,4.33,7.5,2.5
96,7,26.2,4,52,19,M,3,4,3,3.74,6,2
97,5,25.15,2,52,19,M,3,3,2,5.03,7.5,3
98,17,77.55,4,52,19,M,3,11,6,4.56,8.5,2.2
99,12,61.95,3,52,18,M,3,4,8,5.16,8.5,2.45
100,18,83.8,1,52,18,M,3,7,11,4.66,8.5,1.6
101,18,73.3,7,51,18,M,3,9,9,4.07,9,0.8
102,8,34.5,7,51,18,M,3,7,1,4.31,7,3
103,5,22.5,9,51,18,M,3,0,5,4.5,5,3.75
104,6,27,10,51,18,M,3,2,4,4.5,6,2
105,13,67.45,2,51,18,M,3,6,7,5.19,9,2
106,5,22.45,1,51,18,M,3,4,1,4.49,7,2.2
107,13,53.95,4,50,18,M,3,8,5,4.15,9,2.45
108,9,41.9,1,50,18,M,3,4,5,4.66,8.5,3
109,11,49.4,5,50,18,M,3,3,8,4.49,7.5,2.5
110,7,34.95,4,50,17,M,3,2,5,4.99,6.2,3.5
111,12,49.3,2,50,17,M,3,7,5,4.11,8.5,1.6
112,10,46.1,9,50,17,M,3,5,5,4.61,8.5,1
113,11,46.75,2,49,17,M,3,6,5,4.25,7,2.5
114,12,47.7,1,49,17,M,3,9,3,3.98,7.5,1.6
115,18,80.75,4,49,17,M,3,10,8,4.49,9,2.5
116,13,65.35,2,49,17,M,3,6,7,5.03,8.5,2.5
117,18,77.9,1,49,17,M,3,9,9,4.33,9,0.8
118,12,61.9,11,49,17,M,3,7,5,5.16,9.5,1.6
119,13,66.4,1,48,17,M,3,9,4,5.11,8,2
120,12,56.75,4,48,17,M,3,7,5,4.73,8.5,2.5
121,9,47.9,3,48,16,M,3,3,6,5.32,9.5,3
122,9,37.6,21,48,16,M,3,4,5,4.18,6,2.45
123,3,15.6,24,48,16,M,3,3,0,5.2,9.5,3
124,9,47.7,6,47,16,M,3,1,8,5.3,9.5,2.45
125,11,47.35,9,47,16,M,3,5,6,4.3,7,2
126,8,39.5,7,47,16,M,3,3,5,4.94,6.5,2.5
127,9,44.65,4,47,16,M,3,6,3,4.96,8.5,2.45
128,11,51.2,5,47,16,M,3,8,3,4.65,8.5,3
129,6,29,4,47,16,M,3,3,3,4.83,7.5,2.5
130,14,95.5,7,46,16,M,3,7,7,6.82,45,0.8
131,13,60.15,4,46,16,M,3,8,5,4.63,8.5,2.5
132,7,38.85,7,46,15,M,3,6,1,5.55,9.25,2.5
133,11,50,5,46,15,M,3,4,7,4.55,7.5,2.5
134,10,45.2,17,46,15,M,3,4,6,4.52,7.5,2.45
135,16,104.6,9,46,15,M,3,3,13,6.54,21,2.2
136,12,63.3,1,45,15,M,3,5,7,5.28,9.5,3
137,5,19.25,26,45,15,M,3,2,3,3.85,6,3
138,12,45.7,1,45,15,M,3,5,7,3.81,7,2.5
139,5,21.8,1,45,15,M,3,2,3,4.36,7.5,0.8
140,8,38.2,2,45,15,M,3,1,7,4.78,9,2.45
141,23,89.85,4,45,15,M,3,7,16,3.91,8.5,0.8
142,8,27,1,44,15,M,3,3,5,3.38,5,2.5
143,10,49.8,2,44,14,M,3,7,3,4.98,9.5,3
144,6,30.3,18,44,14,M,3,5,1,5.05,9,0.8
145,16,72.9,1,44,14,M,3,13,3,4.56,7.5,2.2
146,7,26.45,6,44,14,M,3,5,2,3.78,6,2.45
147,6,20.4,9,44,14,M,3,4,2,3.4,4.4,3
148,9,31.45,9,43,14,M,3,6,3,3.49,5.1,2.5
149,12,51.8,4,43,14,M,3,11,1,4.32,6,2.5
150,6,22.25,11,43,14,M,3,3,3,3.71,7.5,2
151,13,44.4,7,43,14,M,3,7,6,3.42,5,2.5
152,8,34,3,43,14,M,3,5,3,4.25,9,2.5
153,3,17.5,25,43,14,M,3,2,1,5.83,7.5,5
154,12,54.95,20,42,13,M,3,11,1,4.58,9,1.6
155,8,39.2,4,42,13,M,3,5,3,4.9,7.5,2.45
156,12,64.9,1,42,13,M,3,8,4,5.41,28,2
157,13,54.85,5,42,13,M,3,5,8,4.22,8.5,2
158,19,69.45,1,42,13,M,3,9,10,3.66,7,2.5
159,9,40.45,10,42,13,M,3,0,9,4.49,8.95,2.5
160,10,47.25,5,41,13,M,3,4,6,4.73,8.5,2
161,5,20.4,2,41,13,M,3,0,5,4.08,5,2.5
162,13,56.75,5,41,13,M,3,7,6,4.37,7.5,1.6
163,6,26,2,41,13,M,3,3,3,4.33,7.5,2.5
164,8,33.55,5,41,13,M,3,4,4,4.19,8.5,1.6
165,4,16.1,22,41,12,M,3,2,2,4.03,5,3.1
166,12,46.5,4,40,12,M,3,10,2,3.88,7,2.5
167,15,68.55,2,40,12,M,3,6,9,4.57,9,2
168,16,58.75,7,40,12,M,3,12,4,3.67,6,0.8
169,13,53.05,3,40,12,M,3,9,4,4.08,7,2.5
170,10,70.75,3,40,12,M,3,2,8,7.08,20.45,2.5
171,7,34.25,2,40,12,M,3,4,3,4.89,7.5,3.75
172,13,51.85,4,39,12,M,3,5,8,3.99,6,2.5
173,12,64.25,8,39,12,M,3,3,9,5.35,8.5,3
174,15,64.55,7,39,12,M,3,8,7,4.3,9,2.2
175,10,42.6,1,39,12,M,3,7,3,4.26,9,3
176,14,73.45,5,39,11,M,3,9,5,5.25,14.75,2
177,7,30,2,38,11,M,3,6,1,4.29,5,3
178,11,38.3,4,38,11,M,3,7,4,3.48,8,2
179,13,52.3,5,38,11,M,3,6,7,4.02,6,2.5
180,14,62.1,2,38,11,M,3,5,9,4.44,7.5,2.45
181,9,39.15,1,38,11,M,3,6,3,4.35,7.5,2.5
182,10,46.45,2,38,11,M,3,2,8,4.65,8,2
183,11,47.75,2,37,11,M,3,6,5,4.34,7,1
184,10,50.15,7,37,11,M,3,4,6,5.02,7,3
185,6,23,8,37,11,M,3,4,2,3.83,6.2,2.2
186,16,63.85,2,37,11,M,3,7,9,3.99,9,2.5
187,5,23.65,19,37,10,M,3,5,0,4.73,6.2,3.1
188,8,45.75,22,37,10,M,3,3,5,5.72,15,3
189,15,75.9,1,36,10,M,3,7,8,5.06,15,2
190,11,42.55,17,36,10,M,3,9,2,3.87,6.2,1.6
191,12,48.75,7,36,10,M,3,4,8,4.06,7.5,2.5
192,19,80.95,10,36,10,M,3,10,9,4.26,7.5,1.6
193,12,55.7,5,36,10,M,3,7,5,4.64,19.75,2.2
194,15,73.85,5,36,10,M,3,10,5,4.92,12,2.5
195,11,40.25,8,35,10,M,3,6,5,3.66,7,2
196,9,35.05,2,35,10,M,3,6,3,3.89,7.5,1.6
197,11,43.75,9,35,10,M,3,4,7,3.98,8.95,0.8
198,7,40.55,1,35,9,M,3,7,0,5.79,15,0.8
199,12,37.45,4,35,9,M,3,6,6,3.12,5,2.45
200,12,49.5,3,35,9,M,3,3,9,4.13,7,3
201,8,35,7,34,9,M,3,6,2,4.38,6.2,2
202,18,78.65,9,34,9,M,3,6,12,4.37,8.95,1
203,9,49.45,6,34,9,M,3,5,4,5.49,8.5,3
204,9,53.5,2,34,9,M,3,6,3,5.94,9,3.5
205,12,62.45,8,34,9,M,3,3,9,5.2,7.5,2.5
206,12,47.35,3,34,9,M,3,9,3,3.95,6.2,2
207,3,13.5,10,33,9,M,3,3,0,4.5,7.5,3
208,16,59.9,4,33,9,M,3,9,7,3.74,8.5,1.6
209,15,62.25,9,33,8,M,3,9,6,4.15,7.5,2.5
210,11,46.6,4,33,8,M,3,4,7,4.24,8,2
211,10,42.7,2,33,8,M,3,6,4,4.27,7.5,3
212,11,47.8,7,33,8,M,3,6,5,4.35,7.5,1
213,11,48,4,32,8,M,3,7,4,4.36,10,2.5
214,19,106.2,9,32,8,M,3,10,9,5.59,9.5,3
215,18,85.05,7,32,8,M,3,7,11,4.73,9.5,3
216,17,75.05,4,32,8,M,3,11,6,4.41,7,2.2
217,5,23,7,32,8,M,3,3,2,4.6,7,2.5
218,10,69.15,18,32,8,M,3,2,8,6.92,18,3
219,6,31.1,3,31,8,M,3,1,5,5.18,9,2.2
220,8,28,1,31,7,M,3,3,5,3.5,5,1
221,18,81.2,2,31,7,M,3,14,4,4.51,7.5,1.6
222,9,46.95,4,31,7,M,3,8,1,5.22,7.5,2.5
223,10,46.5,4,31,7,M,3,7,3,4.65,8,2.5
224,16,70.6,1,30,7,M,3,7,9,4.41,8.5,2.5
225,3,10.3,3,30,7,M,3,1,2,3.43,5.1,2.2
226,7,32.3,21,30,7,M,3,1,6,4.61,9,2.2
227,9,28.1,12,30,7,M,3,4,5,3.12,6,2.2
228,5,21.75,4,30,7,M,3,2,3,4.35,6,3
229,12,60.8,1,30,7,M,3,5,7,5.07,9.5,2.5
230,13,49.75,1,29,7,M,3,7,6,3.83,9.5,2.2
231,8,36.75,5,29,7,M,3,5,3,4.59,6.2,2.5
232,6,25.35,5,29,6,M,3,5,1,4.23,7,3
233,6,27.3,7,29,6,M,3,1,5,4.55,6.2,3
234,7,34.9,3,29,6,M,3,3,4,4.99,9,3
235,10,36.8,1,29,6,M,3,5,5,3.68,6,1
236,10,36.3,4,28,6,M,3,5,5,3.63,6,2.45
237,13,50.15,2,28,6,M,3,3,10,3.86,6.2,2.5
238,9,34.75,3,28,6,M,3,2,7,3.86,6,2.45
239,9,42.65,13,28,6,M,3,6,3,4.74,8.5,2.5
240,11,40.9,1,28,6,M,3,3,8,3.72,6.2,2
241,11,56.1,5,28,6,M,3,7,4,5.1,8.5,3
242,14,62.3,5,27,5,M,3,11,3,4.45,7.5,2.5
243,9,30,2,27,5,M,3,5,4,3.33,4.5,2.5
244,9,53.5,19,27,5,M,3,6,3,5.94,8.5,3.25
245,7,20.7,2,27,5,M,3,5,2,2.96,3.75,2.2
246,12,57.1,7,27,5,M,3,6,6,4.76,8,2.5
247,16,74.65,1,27,5,M,3,9,7,4.67,14,2
248,13,50.1,2,26,5,M,3,7,6,3.85,7.5,1
249,16,54.45,13,26,5,M,3,5,11,3.4,6.2,2
250,11,43.6,3,26,5,M,3,8,3,3.96,6,3
251,14,60,1,26,5,M,3,8,6,4.29,8.5,2
252,11,57,3,26,5,M,3,4,7,5.18,7.5,3.5
253,10,43.45,1,26,5,M,3,6,4,4.35,7.5,2.2
254,9,36.75,4,25,4,M,3,5,4,4.08,8,1
255,8,38.7,5,25,4,M,3,6,2,4.84,6.2,3.25
256,5,21.15,2,25,4,M,3,5,0,4.23,5,2.5
257,9,30.45,7,25,4,M,3,4,5,3.38,6.2,2.5
258,8,37.55,5,25,4,M,3,4,4,4.69,7.5,2.55
259,8,40.35,8,25,4,M,3,4,4,5.04,7.5,2.5
260,9,33.8,13,24,4,M,3,2,7,3.76,7.5,2.5
261,5,19.5,12,24,4,M,3,3,2,3.9,6,2
262,6,32.5,2,24,4,M,3,2,4,5.42,7.5,3.75
263,13,54.25,1,24,4,M,3,4,9,4.17,8.5,2.5
264,9,40.15,3,24,4,M,3,3,6,4.46,9.5,2.5
265,10,68.05,10,24,3,M,3,5,5,6.81,28,2
266,5,15.6,4,23,3,M,3,2,3,3.12,4,2.5
267,12,64.5,4,23,3,M,3,12,0,5.38,10,3.5
268,8,32.7,21,23,3,M,3,4,4,4.09,6.2,2.5
269,13,57.1,2,23,3,M,3,8,5,4.39,8,2.5
270,6,32.25,7,23,3,M,3,4,2,5.38,7.5,3
271,9,35.35,6,22,3,M,3,6,3,3.93,5,3
272,20,80.7,2,22,3,M,3,12,8,4.04,9,2.2
273,10,34.15,19,22,3,M,3,6,4,3.42,6,1.6
274,11,48.6,1,22,3,M,3,6,5,4.42,9.5,2.5
275,7,35.25,2,22,3,M,3,0,7,5.04,8,2
276,16,63.2,6,22,2,M,3,8,8,3.95,8,1.6
277,7,26.6,8,21,2,M,3,3,4,3.8,5.1,1
278,13,57,5,21,2,M,3,5,8,4.38,8,2.5
279,13,52.75,8,21,2,M,3,9,4,4.06,7,2.2
280,13,69.75,2,21,2,M,3,3,10,5.37,19.75,2.5
281,14,58.5,2,21,2,M,3,9,5,4.18,6,2.5
282,11,42.2,3,21,2,M,3,8,3,3.84,6,0.8
283,10,42.45,4,20,2,M,3,4,6,4.25,7.5,2.5
284,9,35.3,8,20,2,M,3,3,6,3.92,7.5,2.2
285,13,47.05,4,20,2,M,3,9,4,3.62,7,2
286,13,59.85,4,20,1,M,3,4,9,4.6,8.5,0.8
287,6,18.2,12,20,1,M,3,2,4,3.03,5,2
288,11,50.1,2,20,1,M,3,6,5,4.55,7.5,2.5
289,11,49.8,9,19,1,M,3,3,8,4.53,8.95,1.6
290,5,27.2,6,19,1,M,3,1,4,5.44,9,2.2
291,12,49.45,1,19,1,M,3,6,6,4.12,8.95,2.45
292,4,17.1,24,19,1,M,3,2,2,4.28,6,3
293,7,28.45,10,19,1,M,3,5,2,4.06,7,2.2
294,11,52.2,2,19,1,M,3,3,8,4.75,9,2
295,9,33.8,11,18,1,M,3,3,6,3.76,7.5,0.8
296,5,20.5,5,18,1,M,3,3,2,4.1,8,2
297,7,35.5,6,18,0,M,3,2,5,5.07,9.25,2.5
298,8,32.35,10,18,0,M,3,6,2,4.04,7,2
299,8,36.5,8,18,0,M,3,5,3,4.56,7.5,2.5
300,12,49.6,5,18,0,M,3,10,2,4.13,6,2
301,16,58.6,7,68,27,F,3,9,7,3.66,6,2
302,13,60.7,4,68,27,F,3,8,5,4.67,9.5,2.5
303,5,20.75,13,68,27,F,3,5,0,4.15,6,3.25
304,9,45.9,7,68,27,F,3,8,1,5.1,14,2.5
305,12,56.95,4,68,27,F,3,5,7,4.75,7,2.5
306,12,78,18,68,27,F,3,5,7,6.5,20.45,1.6
307,13,52.5,1,68,27,F,3,2,11,4.04,8,2.5
308,7,27.9,13,68,27,F,3,5,2,3.99,7.5,1
309,7,32,2,67,27,F,3,2,5,4.57,9.5,2
310,7,30.75,4,67,27,F,3,7,0,4.39,6,2
311,14,51.35,2,67,27,F,3,10,4,3.67,7.5,2.5
312,8,30.15,6,67,27,F,3,4,4,3.77,8.5,2.5
313,15,68.35,2,67,27,F,3,9,6,4.56,9,2.5
314,10,46.05,4,67,27,F,3,5,5,4.61,9.5,1.6
315,12,55.15,1,67,26,F,3,7,5,4.6,14,1
316,7,29.35,18,67,26,F,3,4,3,4.19,6,3
317,16,70.55,3,66,26,F,3,6,10,4.41,7.5,2.5
318,12,51.05,3,66,26,F,3,9,3,4.25,8.5,2.5
319,26,102.75,10,66,26,F,3,7,19,3.95,8.95,2
320,23,93.35,4,66,26,F,3,18,5,4.06,8.95,2.2
321,13,53.35,1,66,26,F,3,6,7,4.1,8.5,3
322,14,65.95,3,66,26,F,3,13,1,4.71,8.5,1.6
323,15,55.2,5,66,26,F,3,9,6,3.68,6,2.2
324,9,39.45,5,66,26,F,3,5,4,4.38,6,2.2
325,14,62.35,6,65,26,F,3,7,7,4.45,7,2
326,11,52.65,5,65,26,F,3,9,2,4.79,8,2.5
327,12,53.15,6,65,26,F,3,10,2,4.43,7.5,2.2
328,21,110.95,4,65,26,F,3,12,9,5.28,19.75,1.6
329,15,70.35,2,65,25,F,3,11,4,4.69,9,2
330,14,57.75,3,65,25,F,3,2,12,4.13,7,2
331,10,45,6,65,25,F,3,3,7,4.5,7.5,2.5
332,9,51.9,6,65,25,F,3,2,7,5.77,19.75,2.2
333,8,27.45,3,64,25,F,3,5,3,3.43,6.2,2
334,6,19.5,9,64,25,F,3,6,0,3.25,4.5,2.5
335,16,55.15,9,64,25,F,3,10,6,3.45,6,2
336,12,53.25,2,64,25,F,3,4,8,4.44,7,2.5
337,9,33.95,4,64,25,F,3,6,3,3.77,5,2
338,17,74.7,1,64,25,F,3,12,5,4.39,8.5,3
339,2,12,28,64,25,F,3,1,1,6,7,5
340,13,59.8,2,63,25,F,3,5,8,4.6,7.5,2.2
341,13,48.1,1,63,25,F,3,9,4,3.7,6,2.5
342,16,117.45,3,63,25,F,3,4,12,7.34,28,1.6
343,7,31.75,7,63,24,F,3,5,2,4.54,7,2.5
344,15,68.25,1,63,24,F,3,6,9,4.55,8.5,3
345,7,26.35,13,63,24,F,3,4,3,3.76,9.5,2.2
346,11,44.7,1,63,24,F,3,7,4,4.06,7.5,1
347,17,58.45,1,63,24,F,3,7,10,3.44,6,2.2
348,2,12,23,62,24,F,3,0,2,6,8.5,3.5
349,2,11.5,28,62,24,F,3,2,0,5.75,7.5,4
350,11,43.85,5,62,24,F,3,6,5,3.99,7,2
351,8,47,4,62,24,F,3,5,3,5.88,8.5,2.5
352,12,48.55,1,62,24,F,3,8,4,4.05,6.2,3
353,8,33.35,5,62,24,F,3,6,2,4.17,8.5,2.2
354,8,33.45,9,62,24,F,3,6,2,4.18,8.5,2.2
355,17,69.55,6,62,24,F,3,6,11,4.09,7.5,0.8
356,12,59.35,1,61,24,F,3,5,7,4.95,8.95,2
357,6,24,4,61,24,F,3,4,2,4,9,2.5
358,9,36.85,4,61,23,F,3,1,8,4.09,8.95,2.45
359,1,5,27,61,23,F,3,0,1,5,5,5
360,8,34.25,6,61,23,F,3,2,6,4.28,7.5,1.6
361,17,76.4,1,61,23,F,3,10,7,4.49,8,2
362,6,25.7,13,61,23,F,3,4,2,4.28,6,3
363,6,22.55,2,61,23,F,3,4,2,3.76,7.5,2
364,9,39.55,5,60,23,F,3,6,3,4.39,6,2.2
365,4,16,2,60,23,F,3,0,4,4,6,2.5
366,5,18.7,8,60,23,F,3,3,2,3.74,4.75,2.2
367,7,23.7,9,60,23,F,3,2,5,3.39,5,2.45
368,13,46.65,7,60,23,F,3,5,8,3.59,5,2.2
369,7,33.65,2,60,23,F,3,4,3,4.81,8,2.5
370,12,54.4,19,60,23,F,3,8,4,4.53,7.5,3
371,9,35.3,25,60,23,F,3,5,4,3.92,8.5,2
372,7,24.45,1,59,23,F,3,4,3,3.49,5,2.2
373,5,17,18,59,22,F,3,3,2,3.4,5,3
374,10,41.15,6,59,22,F,3,4,6,4.12,7.5,2.5
375,6,28,10,59,22,F,3,3,3,4.67,9,2
376,7,32.75,1,59,22,F,3,5,2,4.68,7.5,2.5
377,10,48.25,2,59,22,F,3,8,2,4.83,7.5,2.2
378,15,56.5,1,59,22,F,3,7,8,3.77,9.5,1.6
379,12,43.6,3,59,22,F,3,5,7,3.63,8,2
380,5,19.65,14,58,22,F,3,2,3,3.93,4.5,3
381,18,74.35,3,58,22,F,3,9,9,4.13,14,1.6
382,10,38.35,11,58,22,F,3,2,8,3.84,6,2.5
383,10,42.75,3,58,22,F,3,4,6,4.28,7.5,1.6
384,18,77.85,6,58,22,F,3,6,12,4.33,8.5,0.8
385,3,9.5,2,58,22,F,3,2,1,3.17,5,2
386,9,30.25,3,58,22,F,3,4,5,3.36,5,2.5
387,10,44,1,57,22,F,3,6,4,4.4,7.5,2.5
388,17,108.1,6,57,21,F,3,13,4,6.36,18,2.45
389,8,36.9,9,57,21,F,3,0,8,4.61,9.5,1
390,10,44.8,6,57,21,F,3,6,4,4.48,7,2.45
391,10,45,7,57,21,F,3,2,8,4.5,7.5,2
392,14,66.95,5,57,21,F,3,10,4,4.78,6,3.25
393,9,49.3,9,57,21,F,3,4,5,5.48,9.5,2.5
394,9,77.5,5,57,21,F,3,4,5,8.61,45,3
395,14,55.1,11,56,21,F,3,13,1,3.94,6.2,2
396,20,85.55,1,56,21,F,3,15,5,4.28,9.5,0.8
397,3,12.15,6,56,21,F,3,2,1,4.05,4.4,3.75
398,11,49.55,1,56,21,F,3,3,8,4.5,8.5,2
399,8,36.75,3,56,21,F,3,5,3,4.59,8.5,2.5
400,12,69.6,3,56,21,F,3,8,4,5.8,21,2.2
401,8,33.1,4,56,21,F,3,1,7,4.14,6,3
402,6,32,12,56,20,F,3,4,2,5.33,9,2
403,17,65.55,3,55,20,F,3,9,8,3.86,7.5,0.8
404,10,36.2,3,55,20,F,3,4,6,3.62,6,2.2
405,4,17.5,4,55,20,F,3,3,1,4.38,6,2.5
406,17,75.1,6,55,20,F,3,8,9,4.42,8,2.5
407,10,46.5,1,55,20,F,3,4,6,4.65,9,2
408,15,79.05,3,55,20,F,3,6,9,5.27,9.5,2.2
409,16,68.4,11,55,20,F,3,11,5,4.28,7,0.8
410,22,86.3,3,55,20,F,3,9,13,3.92,9,2
411,9,39.1,4,54,20,F,3,4,5,4.34,8.5,2.2
412,5,17.5,6,54,20,F,3,4,1,3.5,6,2.5
413,6,35.35,20,54,20,F,3,5,1,5.89,9,3.25
414,10,51.75,1,54,20,F,3,5,5,5.18,8,3.1
415,5,21,19,54,20,F,3,3,2,4.2,6,3
416,9,45.95,6,54,20,F,3,5,4,5.11,9,3
417,6,23,6,54,19,F,3,5,1,3.83,5,2.5
418,11,61.15,9,54,19,F,3,5,6,5.56,9.5,0.8
419,5,24.2,5,53,19,F,3,2,3,4.84,6.2,3
420,24,111.65,3,53,19,F,3,12,12,4.65,9,2.5
421,7,24.45,3,53,19,F,3,2,5,3.49,6,2
422,7,28.95,7,53,19,F,3,3,4,4.14,6.2,2.5
423,9,39.3,6,53,19,F,3,4,5,4.37,7,3
424,13,50.55,3,53,19,F,3,10,3,3.89,7,0.8
425,10,48.75,2,53,19,F,3,4,6,4.88,9,2
426,9,36.55,4,53,19,F,3,4,5,4.06,7,2.5
427,1,4,26,52,19,F,3,1,0,4,4,4
428,16,78.7,1,52,19,F,3,10,6,4.92,9,2.2
429,16,69.15,7,52,19,F,3,5,11,4.32,7,2.2
430,19,77,1,52,19,F,3,11,8,4.05,7,1.6
431,9,39.7,2,52,19,F,3,6,3,4.41,9.5,2.45
432,21,95.35,2,52,18,F,3,5,16,4.54,8.5,1.6
433,9,44.2,4,52,18,F,3,1,8,4.91,6,2.45
434,10,40.45,1,51,18,F,3,6,4,4.05,7,1
435,12,79.6,3,51,18,F,3,4,8,6.63,15,1
436,7,33.45,3,51,18,F,3,3,4,4.78,9,2.5
437,20,86.5,2,51,18,F,3,10,10,4.33,7.5,0.8
438,15,64.95,2,51,18,F,3,7,8,4.33,8.5,0.8
439,8,37.75,1,51,18,F,3,6,2,4.72,9.5,2.5
440,18,66.2,4,51,18,F,3,9,9,3.68,7.5,0.8
441,11,43.8,1,51,18,F,3,5,6,3.98,7,0.8
442,5,22.5,3,50,18,F,3,0,5,4.5,6,3
443,5,25.7,1,50,18,F,3,3,2,5.14,7.5,3.1
444,13,69.1,1,50,18,F,3,8,5,5.32,9.25,2.5
445,3,15.75,8,50,18,F,3,2,1,5.25,9,3
446,17,81.9,1,50,18,F,3,9,8,4.82,8,2.45
447,14,71.3,1,50,17,F,3,6,8,5.09,8.5,2.2
448,14,59.6,3,50,17,F,3,12,2,4.26,7.5,2.5
449,11,44.65,2,50,17,F,3,9,2,4.06,7.5,2
450,8,43.55,5,49,17,F,3,4,4,5.44,8,3.75
451,6,28.7,1,49,17,F,3,4,2,4.78,7.5,2
452,6,28.45,2,49,17,F,3,3,3,4.74,9,2
453,9,38.35,12,49,17,F,3,6,3,4.26,6.2,2.5
454,7,25.25,22,49,17,F,3,4,3,3.61,4.5,2.5
455,4,16.25,2,49,17,F,3,3,1,4.06,5,3
456,18,73.3,2,49,17,F,3,12,6,4.07,8.5,1.6
457,5,17.75,18,49,17,F,3,4,1,3.55,4.4,3
458,7,28.45,8,48,17,F,3,1,6,4.06,7.5,2.2
459,9,38.45,7,48,17,F,3,5,4,4.27,7.5,2
460,4,15.25,24,48,17,F,3,1,3,3.81,5,2.5
461,13,95.5,3,48,17,F,3,3,10,7.35,23,2
462,6,23.55,4,48,16,F,3,4,2,3.93,7,2.45
463,11,43.55,14,48,16,F,3,5,6,3.96,8,2.5
464,8,28.2,9,48,16,F,3,5,3,3.53,6,2.5
465,14,66.65,3,48,16,F,3,5,9,4.76,9.5,3
466,10,36.15,1,47,16,F,3,4,6,3.62,8,2.45
467,8,38.4,4,47,16,F,3,4,4,4.8,7,2.5
468,5,16.85,2,47,16,F,3,5,0,3.37,6,1.6
469,11,42.5,1,47,16,F,3,8,3,3.86,6,2.5
470,5,24.5,4,47,16,F,3,2,3,4.9,6,3.5
471,7,29.35,20,47,16,F,3,0,7,4.19,6,1
472,13,51.3,1,47,16,F,3,5,8,3.95,6,2.2
473,13,54.7,10,47,16,F,3,5,8,4.21,7,2.2
474,6,25.1,24,46,16,F,3,2,4,4.18,6,2
475,9,35.35,11,46,16,F,3,3,6,3.93,7,3
476,18,71.05,1,46,15,F,3,5,13,3.95,6.2,2.5
477,16,87.01,1,46,15,F,3,11,5,5.44,13.33,2.5
478,4,26,9,46,15,F,3,0,4,6.5,8.5,5
479,10,49.5,1,46,15,F,3,7,3,4.95,9.5,2.2
480,9,38.2,10,46,15,F,3,6,3,4.24,6.2,2
481,15,72.25,9,46,15,F,3,4,11,4.82,18,0.8
482,10,51.45,1,45,15,F,3,3,7,5.15,9.5,2.2
483,11,32.9,9,45,15,F,3,7,4,2.99,5,1.6
484,5,24.85,3,45,15,F,3,0,5,4.97,7.5,3.25
485,12,43.85,4,45,15,F,3,5,7,3.65,6.2,2.45
486,7,31.25,3,45,15,F,3,4,3,4.46,7,2.5
487,8,32,7,45,15,F,3,4,4,4,6,2.5
488,5,15,17,45,15,F,3,4,1,3,3.5,2.5
489,7,20.85,8,44,15,F,3,4,3,2.98,5,0.8
490,11,58.75,18,44,15,F,3,6,5,5.34,9,1
491,11,67.7,6,44,14,F,3,7,4,6.15,28,2
492,6,26.5,6,44,14,F,3,1,5,4.42,6,2.5
493,17,84.45,5,44,14,F,3,6,11,4.97,9.5,2.2
494,6,25.1,1,44,14,F,3,5,1,4.18,6,3
495,13,56.7,5,44,14,F,3,4,9,4.36,6,3
496,8,35.3,9,44,14,F,3,1,7,4.41,7.5,2.55
497,12,59.2,2,43,14,F,3,6,6,4.93,9.5,2.55
498,8,35.45,10,43,14,F,3,5,3,4.43,8,2.45
499,4,20.6,8,43,14,F,3,3,1,5.15,7,3.5
500,18,78.4,1,43,14,F,3,10,8,4.36,7.5,2.2
501,9,44.5,1,43,14,F,3,3,6,4.94,8.5,2.5
502,14,51.4,2,43,14,F,3,10,4,3.67,7.5,0.8
503,20,101.9,1,43,14,F,3,9,11,5.1,9,2
504,11,47.55,4,43,14,F,3,11,0,4.32,7.6,2.5
505,6,31.6,7,42,13,F,3,4,2,5.27,8.5,3
506,7,41.8,8,42,13,F,3,4,3,5.97,9.5,3
507,14,71.63,4,42,13,F,3,2,12,5.12,13.33,2.5
508,12,42.85,3,42,13,F,3,3,9,3.57,7,0.8
509,9,32.9,5,42,13,F,3,2,7,3.66,7.5,2.5
510,12,37,6,42,13,F,3,7,5,3.08,4.75,2
511,9,51.25,1,42,13,F,3,6,3,5.69,12,2.5
512,9,38.25,6,42,13,F,3,7,2,4.25,7.5,2
513,8,29.95,1,41,13,F,3,1,7,3.74,6,2.2
514,10,43.5,2,41,13,F,3,1,9,4.35,9,2.5
515,11,39.5,6,41,13,F,3,2,9,3.59,5,2
516,8,31.6,5,41,13,F,3,4,4,3.95,6.2,2.5
517,8,41,1,41,13,F,3,3,5,5.13,9,2
518,7,39.7,17,41,13,F,3,2,5,5.67,9.5,2.2
519,5,21.75,6,41,13,F,3,0,5,4.35,7.5,2
520,9,54.75,1,41,12,F,3,3,6,6.08,9.5,2.5
521,8,30.15,3,40,12,F,3,3,5,3.77,4.9,2.5
522,6,22.25,6,40,12,F,3,2,4,3.71,6,2.5
523,11,55,11,40,12,F,3,9,2,5,9.5,2.5
524,6,23.35,7,40,12,F,3,3,3,3.89,5,1.6
525,11,44.25,2,40,12,F,3,3,8,4.02,5,3
526,12,95.2,10,40,12,F,3,3,9,7.93,28,3
527,12,43.3,4,40,12,F,3,8,4,3.61,9.5,2
528,6,22.25,21,40,12,F,3,4,2,3.71,6,2
529,7,32.65,6,39,12,F,3,4,3,4.66,7.5,1.6
530,8,37.5,6,39,12,F,3,3,5,4.69,8.5,3
531,13,55.8,8,39,12,F,3,7,6,4.29,8.5,1.6
532,7,37.65,6,39,12,F,3,3,4,5.38,9,3.25
533,13,66.35,5,39,12,F,3,7,6,5.1,19.75,2.5
534,14,61.35,4,39,12,F,3,7,7,4.38,7.5,3
535,3,8.05,6,39,11,F,3,2,1,2.68,3,2.5
536,15,65.15,4,38,11,F,3,6,9,4.34,9,2.5
537,10,39.9,5,38,11,F,3,8,2,3.99,6,0.8
538,10,40.6,2,38,11,F,3,4,6,4.06,6,3
539,14,54.15,1,38,11,F,3,8,6,3.87,6,1
540,6,33.63,5,38,11,F,3,2,4,5.61,13.33,2.2
541,17,94.65,1,38,11,F,3,3,14,5.57,23,0.8
542,10,57.35,7,38,11,F,3,4,6,5.74,9,3
543,6,25.55,14,38,11,F,3,0,6,4.26,6,2.55
544,11,41.45,5,37,11,F,3,4,7,3.77,6,2.2
545,9,33.95,5,37,11,F,3,4,5,3.77,7.5,2
546,13,51.7,2,37,11,F,3,7,6,3.98,6,2.5
547,18,69.55,3,37,11,F,3,6,12,3.86,7.5,0.8
548,31,115.45,2,37,11,F,3,16,15,3.72,7,2
549,22,93.35,2,37,10,F,3,7,15,4.24,14,1.6
550,13,46.45,2,37,10,F,3,10,3,3.57,6,2.2
551,10,43,3,37,10,F,3,7,3,4.3,8.5,2.5
552,11,45.95,9,36,10,F,3,4,7,4.18,7.5,2.2
553,10,46.25,9,36,10,F,3,7,3,4.63,7.5,2.5
554,12,43.65,2,36,10,F,3,7,5,3.64,7.5,0.8
555,9,37.6,9,36,10,F,3,7,2,4.18,7.5,3
556,17,75.05,1,36,10,F,3,12,5,4.41,8,1.6
557,15,74.7,3,36,10,F,3,10,5,4.98,9.25,2
558,18,73.4,2,36,10,F,3,8,10,4.08,9.5,2.2
559,7,35.05,3,36,10,F,3,2,5,5.01,8.5,3
560,11,49.5,14,35,10,F,3,8,3,4.5,7.5,2.5
561,12,55.85,12,35,10,F,3,9,3,4.65,21,2
562,6,32.25,5,35,10,F,3,1,5,5.38,9.5,3
563,16,77.1,2,35,10,F,3,3,13,4.82,9.5,0.8
564,14,50.4,2,35,9,F,3,6,8,3.6,7.5,2.2
565,11,45.4,19,35,9,F,3,9,2,4.13,6.5,2.5
566,11,58.2,1,35,9,F,3,3,8,5.29,8.95,2.5
567,13,53.55,2,35,9,F,3,5,8,4.12,7.5,2.5
568,7,27.5,3,34,9,F,3,5,2,3.93,6,2
569,6,30.75,22,34,9,F,3,5,1,5.13,14,2
570,9,38.6,9,34,9,F,3,3,6,4.29,7.5,3
571,7,34.5,18,34,9,F,3,2,5,4.93,7.5,3
572,12,44.7,2,34,9,F,3,3,9,3.73,7.5,0.8
573,14,76.25,2,34,9,F,3,7,7,5.45,9,2.5
574,19,76.7,1,34,9,F,3,8,11,4.04,7.5,2.5
575,7,29.2,4,34,9,F,3,6,1,4.17,8.5,2.2
576,4,22,4,33,9,F,3,3,1,5.5,8.5,2.5
577,13,61.75,5,33,9,F,3,6,7,4.75,8,2.2
578,7,26.4,9,33,9,F,3,4,3,3.77,5,2.5
579,19,77.1,3,33,8,F,3,10,9,4.06,6,2
580,12,51.7,4,33,8,F,3,3,9,4.31,8.5,2.45
581,14,93.75,1,33,8,F,3,7,7,6.7,14.75,3
582,3,9.75,5,33,8,F,3,3,0,3.25,3.75,3
583,5,20.7,22,32,8,F,3,2,3,4.14,7,2.2
584,12,48.55,3,32,8,F,3,10,2,4.05,6,2
585,8,34.3,8,32,8,F,3,7,1,4.29,8.5,2.2
586,15,58.75,2,32,8,F,3,6,9,3.92,6,2.5
587,11,55.7,5,32,8,F,3,8,3,5.06,7.5,2.2
588,5,19.1,10,32,8,F,3,0,5,3.82,6,1.6
589,13,50.35,2,32,8,F,3,7,6,3.87,7.5,2.5
590,8,32.1,9,32,8,F,3,3,5,4.01,7.5,2
591,17,68.75,1,31,8,F,3,6,11,4.04,7.5,2.5
592,10,48.6,3,31,8,F,3,8,2,4.86,9.5,0.8
593,5,29.7,4,31,8,F,3,2,3,5.94,8,2.2
594,7,30.4,4,31,7,F,3,3,4,4.34,6.2,2.45
595,9,39,5,31,7,F,3,5,4,4.33,7,2.5
596,11,48.45,2,31,7,F,3,3,8,4.4,7.5,2.5
597,14,71.25,2,31,7,F,3,4,10,5.09,9,1.6
598,19,93.55,2,31,7,F,3,12,7,4.92,9,2.5
599,19,106.1,2,30,7,F,3,8,11,5.58,22.5,1.6
600,5,24.25,4,30,7,F,3,1,4,4.85,7,2
601,18,77.95,1,30,7,F,3,6,12,4.33,9.5,0.8
602,14,55.2,7,30,7,F,3,9,5,3.94,6,2.2
603,11,60.35,9,30,7,F,3,6,5,5.49,9.5,3
604,5,15.7,1,30,7,F,3,3,2,3.14,6,2
605,8,34.18,20,30,7,F,3,5,3,4.27,13.33,2.5
606,8,43.9,4,30,7,F,3,1,7,5.49,8.95,2.2
607,14,54.6,5,29,7,F,3,3,11,3.9,7.5,2.45
608,25,107.7,4,29,7,F,3,11,14,4.31,7.5,2.5
609,2,5.5,23,29,6,F,3,1,1,2.75,3,2.5
610,21,99.85,9,29,6,F,3,15,6,4.75,7.5,0.8
611,7,32.6,3,29,6,F,3,4,3,4.66,7.5,2.5
612,17,79.2,5,29,6,F,3,11,6,4.66,9.5,2
613,9,46.75,17,29,6,F,3,5,4,5.19,7.5,2.5
614,4,21.75,20,29,6,F,3,2,2,5.44,8,3
615,9,31.15,4,28,6,F,3,2,7,3.46,5,2
616,11,47.25,2,28,6,F,3,7,4,4.3,7,2.2
617,11,41.7,2,28,6,F,3,6,5,3.79,6,1
618,6,23.7,1,28,6,F,3,1,5,3.95,6,2.2
619,7,31.25,3,28,6,F,3,5,2,4.46,7.5,2.5
620,6,26.75,8,28,6,F,3,4,2,4.46,6,3
621,12,50.6,4,28,6,F,3,7,5,4.22,7.5,2.2
622,9,41.35,3,28,6,F,3,6,3,4.59,8.5,2.5
623,2,8,23,27,5,F,3,0,2,4,5,3
624,14,53.05,4,27,5,F,3,7,7,3.79,7.5,2.45
625,12,58.7,2,27,5,F,3,5,7,4.89,9.5,2.5
626,7,32,3,27,5,F,3,2,5,4.57,7.5,2.5
627,13,62.4,1,27,5,F,3,6,7,4.8,9.5,2
628,13,63.5,5,27,5,F,3,9,4,4.88,9,2.5
629,12,44.45,4,27,5,F,3,8,4,3.7,9,2.45
630,3,12.15,27,26,5,F,3,1,2,4.05,4.4,3.5
631,10,48.45,1,26,5,F,3,4,6,4.85,7,2.45
632,9,40.9,2,26,5,F,3,8,1,4.54,7,2.5
633,10,33.95,1,26,5,F,3,4,6,3.4,5,0.8
634,19,95,4,26,5,F,3,11,8,5,10,2
635,5,19.25,6,26,5,F,3,1,4,3.85,6,2.5
636,10,47.1,1,26,5,F,3,4,6,4.71,7.5,2.2
637,10,51.6,17,26,5,F,3,5,5,5.16,7.5,3
638,6,22.15,6,25,4,F,3,3,3,3.69,6,2
639,9,40.5,6,25,4,F,3,6,3,4.5,9.5,2.5
640,12,54.2,1,25,4,F,3,9,3,4.52,9.5,2.2
641,14,62.85,10,25,4,F,3,6,8,4.49,6,1
642,15,75.75,4,25,4,F,3,9,6,5.05,9.5,2.5
643,15,93.65,2,25,4,F,3,6,9,6.24,28,2.5
644,7,30.9,4,25,4,F,3,4,3,4.41,6.2,2.45
645,10,43.25,3,25,4,F,3,7,3,4.33,8,2.5
646,11,43.25,3,24,4,F,3,8,3,3.93,6,1
647,8,37.15,2,24,4,F,3,4,4,4.64,6,1
648,14,90.55,6,24,4,F,3,9,5,6.47,20.45,2.45
649,11,78,3,24,4,F,3,6,5,7.09,22.5,2.5
650,13,46.6,1,24,4,F,3,5,8,3.58,5.1,1.6
651,16,69.2,4,24,4,F,3,10,6,4.33,7,2.5
652,16,56.35,8,24,4,F,3,5,11,3.52,6,1.6
653,12,106.6,2,24,3,F,3,6,6,8.88,45,2.5
654,5,16.2,4,23,3,F,3,2,3,3.24,4.5,2.2
655,13,54.1,1,23,3,F,3,3,10,4.16,8.5,2
656,10,55.75,3,23,3,F,3,6,4,5.58,8.95,2.2
657,8,39.35,8,23,3,F,3,3,5,4.92,9,3
658,8,36.65,2,23,3,F,3,5,3,4.58,9,2.5
659,17,75.25,1,23,3,F,3,7,10,4.43,7.5,2.5
660,7,28.2,10,23,3,F,3,6,1,4.03,8.95,2.5
661,20,72.1,1,23,3,F,3,12,8,3.61,7,1.6
662,10,43.45,2,22,3,F,3,7,3,4.35,7.5,2.55
663,15,68.35,4,22,3,F,3,2,13,4.56,8.5,2.5
664,19,102.15,2,22,3,F,3,10,9,5.38,10.95,2.5
665,12,71.6,7,22,3,F,3,10,2,5.97,22.5,2.2
666,10,38.15,8,22,3,F,3,5,5,3.82,5,2
667,8,41.8,2,22,3,F,3,4,4,5.23,7.5,3
668,8,34.7,3,22,2,F,3,2,6,4.34,9,2.55
669,15,62.3,6,22,2,F,3,9,6,4.15,7,2
670,12,67.7,4,21,2,F,3,4,8,5.64,9.5,2.5
671,6,29.5,1,21,2,F,3,2,4,4.92,9.5,1
672,9,33.75,3,21,2,F,3,4,5,3.75,6.2,2.2
673,5,26.1,1,21,2,F,3,2,3,5.22,9,3
674,17,72.2,2,21,2,F,3,7,10,4.25,9.5,2.2
675,7,21.7,21,21,2,F,3,4,3,3.1,5,2.45
676,20,76.4,2,21,2,F,3,15,5,3.82,7.5,2.45
677,9,42.85,4,20,2,F,3,7,2,4.76,7,2
678,14,66.1,8,20,2,F,3,12,2,4.72,8.5,2
679,9,43.3,6,20,2,F,3,4,5,4.81,8.5,1.6
680,8,32.9,1,20,2,F,3,2,6,4.11,7,2.2
681,13,53.4,6,20,2,F,3,7,6,4.11,7,2.5
682,3,9.3,4,20,1,F,3,3,0,3.1,6,0.8
683,13,59.55,2,20,1,F,3,7,6,4.58,9.5,0.8
684,14,65.4,2,20,1,F,3,5,9,4.67,9.5,2.2
685,12,50,5,19,1,F,3,9,3,4.17,8.5,2.5
686,17,88.9,3,19,1,F,3,10,7,5.23,9.5,3
687,24,115.2,1,19,1,F,3,9,15,4.8,28,1.6
688,13,70.65,18,19,1,F,3,9,4,5.43,14,1.6
689,13,57.25,3,19,1,F,3,4,9,4.4,7,2.5
690,5,24.5,6,19,1,F,3,1,4,4.9,9,2.5
691,12,40.6,2,19,1,F,3,9,3,3.38,6,0.8
692,12,54.75,8,19,1,F,3,9,3,4.56,8,2.5
693,13,55,18,18,1,F,3,7,6,4.23,8.5,2.5
694,9,38.85,3,18,1,F,3,7,2,4.32,6,2.5
695,19,70.45,10,18,1,F,3,12,7,3.71,7,2
696,6,29.75,24,18,0,F,3,3,3,4.96,8.5,2.5
697,20,91.35,2,18,0,F,3,8,12,4.57,9,2.5
698,13,54.5,2,18,0,F,3,2,11,4.19,9,3
699,10,39.7,5,18,0,F,3,6,4,3.97,7,2.2
700,7,29,17,18,0,F,3,3,4,4.14,7.5,3
701,12,39.75,11,68,27,N,3,4,8,3.31,6,1.6
702,11,44.1,1,68,27,N,3,2,9,4.01,8.5,2
703,16,78,3,67,27,N,3,2,14,4.88,9,2.5
704,17,82.2,3,67,26,N,3,12,5,4.84,9.5,2.2
705,6,23.5,6,66,26,N,3,3,3,3.92,7.5,2.5
706,10,41.75,5,66,26,N,3,6,4,4.18,8,1
707,22,103.65,4,65,26,N,3,14,8,4.71,14,3
708,10,37.6,7,65,25,N,3,5,5,3.76,7.5,0.8
709,15,77.65,6,64,25,N,3,12,3,5.18,18,2
710,15,74.95,1,63,25,N,3,11,4,5,8.5,1.6
711,9,42.95,5,63,24,N,3,5,4,4.77,8,2.2
712,9,52.25,8,62,24,N,3,6,3,5.81,9,3
713,4,15.75,25,62,24,N,3,1,3,3.94,7,2.5
714,10,36,3,61,24,N,3,3,7,3.6,7.5,2
715,9,38.95,1,61,23,N,3,6,3,4.33,7.5,2.2
716,9,37.25,8,60,23,N,3,4,5,4.14,6,3
717,6,26.4,10,60,23,N,3,2,4,4.4,6,1
718,10,45.9,2,59,23,N,3,8,2,4.59,8.95,2.5
719,11,67.3,2,59,22,N,3,7,4,6.12,8.95,2.2
720,11,37.45,5,58,22,N,3,3,8,3.4,7,0.8
721,6,26.7,19,58,22,N,3,4,2,4.45,7,1
722,11,48.35,1,57,21,N,3,8,3,4.4,9,2
723,11,51.95,8,57,21,N,3,5,6,4.72,7.5,2.2
724,10,45.75,4,56,21,N,3,8,2,4.58,8.5,2
725,11,63.15,1,56,21,N,3,4,7,5.74,8.95,2.5
726,12,53.9,17,55,20,N,3,3,9,4.49,7.6,2.5
727,18,74.45,2,55,20,N,3,12,6,4.14,9,2.5
728,15,65.45,6,54,20,N,3,7,8,4.36,7,2.2
729,15,59.15,1,54,20,N,3,8,7,3.94,9,2.5
730,10,48.4,2,53,19,N,3,1,9,4.84,7.5,2.5
731,15,65.3,2,53,19,N,3,5,10,4.35,9.5,2.2
732,12,60.35,6,52,19,N,3,6,6,5.03,8,3
733,9,41.15,2,52,18,N,3,3,6,4.57,7,2
734,16,74.6,2,51,18,N,3,4,12,4.66,8.5,1
735,18,79.7,4,51,18,N,3,10,8,4.43,9.5,0.8
736,12,62.6,4,50,18,N,3,2,10,5.22,9.5,2.5
737,9,36.95,1,50,17,N,3,3,6,4.11,6,2.2
738,9,43.65,7,49,17,N,3,4,5,4.85,9.5,3
739,6,26,2,49,17,N,3,5,1,4.33,7,2.5
740,6,31.6,1,48,17,N,3,1,5,5.27,9,3.1
741,3,14.5,5,48,16,N,3,2,1,4.83,9,2.5
742,8,27.8,7,47,16,N,3,3,5,3.48,6,0.8
743,15,59.9,1,47,16,N,3,4,11,3.99,8.5,1.6
744,9,40.25,1,46,15,N,3,4,5,4.47,8,2.5
745,11,45.85,5,46,15,N,3,8,3,4.17,7,2.5
746,16,81.65,9,45,15,N,3,2,14,5.1,9,1.6
747,9,35,9,45,15,N,3,8,1,3.89,6,2.5
748,16,78.65,2,44,14,N,3,7,9,4.92,8.5,2.2
749,6,28.25,10,44,14,N,3,5,1,4.71,7,1
750,5,20,6,43,14,N,3,3,2,4,6,2.5
751,14,70.5,12,43,14,N,3,4,10,5.04,8.5,2
752,6,23.45,4,42,13,N,3,3,3,3.91,6,2.45
753,15,58.45,5,42,13,N,3,12,3,3.9,7,2.2
754,7,52.4,5,41,13,N,3,1,6,7.49,28,2.45
755,6,26.4,1,41,12,N,3,5,1,4.4,7,2.5
756,14,60.9,1,40,12,N,3,7,7,4.35,9,2.2
757,10,36.3,13,40,12,N,3,7,3,3.63,7.5,2
758,11,48.3,19,39,12,N,3,3,8,4.39,7,2.2
759,7,26.5,4,38,11,N,3,3,4,3.79,6,2.5
760,10,35.6,1,38,11,N,3,5,5,3.56,5,2.2
761,5,24.4,3,37,11,N,3,3,2,4.88,7,3.75
762,16,64.5,3,37,11,N,3,11,5,4.03,8.5,2.45
763,15,66,8,36,10,N,3,9,6,4.4,9.5,2.5
764,12,45.8,9,36,10,N,3,8,4,3.82,9.5,2.45
765,12,59.9,7,35,10,N,3,2,10,4.99,9,1.6
766,5,23.3,19,35,9,N,3,3,2,4.66,7,2.55
767,20,107.3,7,34,9,N,3,8,12,5.37,9.5,0.8
768,12,62.95,1,34,9,N,3,6,6,5.25,9.5,2.5
769,16,69.25,3,33,9,N,3,5,11,4.33,7,2
770,7,27.75,2,33,8,N,3,2,5,3.96,7,2.5
771,9,35.25,2,32,8,N,3,2,7,3.92,5,2.5
772,10,41.05,1,32,8,N,3,7,3,4.11,7.5,2
773,15,72.25,1,31,8,N,3,9,6,4.82,8.5,2.2
774,11,43.35,4,31,7,N,3,2,9,3.94,7.5,2
775,8,34.2,9,30,7,N,3,3,5,4.28,7.5,2.45
776,16,68.9,4,30,7,N,3,6,10,4.31,7.5,2.5
777,12,71.25,2,29,7,N,3,4,8,5.94,18,2.5
778,10,45.3,6,29,6,N,3,7,3,4.53,8.5,2.45
779,15,57.95,1,28,6,N,3,10,5,3.86,8,1
780,6,26.3,3,28,6,N,3,4,2,4.38,9.5,2.2
781,10,49.75,23,27,5,N,3,4,6,4.98,8.5,2.5
782,6,22.95,10,27,5,N,3,5,1,3.83,6,2.45
783,5,21.2,4,26,5,N,3,4,1,4.24,5.1,3.1
784,9,40.3,10,26,5,N,3,6,3,4.48,7.5,0.8
785,12,53.2,1,25,4,N,3,6,6,4.43,8,2.2
786,7,35,9,25,4,N,3,3,4,5,9.5,3
787,7,28.75,4,24,4,N,3,6,1,4.11,6,2
788,7,38.6,6,24,4,N,3,4,3,5.51,7.5,2.5
789,10,53.2,1,23,3,N,3,6,4,5.32,9,2.5
790,11,63.9,7,23,3,N,3,7,4,5.81,9,2.5
791,8,41,18,22,3,N,3,4,4,5.13,8.95,2.5
792,4,12,10,22,2,N,3,2,2,3,3,3
793,8,34,8,21,2,N,3,3,5,4.25,7.5,2
794,16,67,6,21,2,N,3,8,8,4.19,9.5,2.5
795,16,80,9,20,2,N,3,9,7,5,12,1.6
796,13,70.8,4,20,1,N,3,7,6,5.45,9,2.5
797,8,33.25,3,19,1,N,3,7,1,4.16,5,2.5
798,13,65.6,5,19,1,N,3,6,7,5.05,9.5,2.5
799,9,42.25,6,18,0,N,3,4,5,4.69,6,1.6
800,9,43.2,1,18,0,N,3,8,1,4.8,7.5,2.5
5001,9,39.2,1,35,22,N,5,7,2,4.36,9.3,2
5002,11,46.95,1,28,13,N,5,7,4,4.27,8.5,1.6
5003,8,39.25,1,28,14,N,5,4,4,4.91,7.5,2.5
5004,8,35.4,17,36,10,F,5,5,3,4.43,9,2.5
5005,10,43.15,2,26,12,N,5,4,6,4.32,10.5,0.8
5006,11,47.5,1,22,6,N,5,7,4,4.32,6,2.5
5007,7,26.3,4,36,24,N,5,2,5,3.76,7,0.8
5008,4,19,2,51,18,F,5,2,2,4.75,6,3.5
5009,14,63.95,3,20,1,M,5,7,7,4.57,8.5,0.8
5010,8,39.1,1,54,20,M,5,7,1,4.89,9.5,1.6
5011,7,19.25,2,32,8,F,5,4,3,2.75,3.5,2
5012,11,67,4,58,22,F,5,7,4,6.09,18,0.8
5013,9,44.15,1,33,20,N,5,3,6,4.91,6,3.5
5014,8,50.15,2,41,13,M,5,1,7,6.27,9.3,3.1
5015,8,36.1,1,52,19,F,5,1,7,4.51,7.5,2.45
5016,8,29.9,18,21,5,N,5,5,3,3.74,6,2.4
5017,10,35.55,2,19,3,N,5,6,4,3.56,7.5,1.6
5018,4,17.5,17,66,26,F,5,2,2,4.38,6,2.5
5019,3,13.5,9,27,12,N,5,0,3,4.5,6,2.5
5020,15,63.5,7,49,17,M,5,2,13,4.23,8.5,0.8
5021,8,38,4,42,13,F,5,1,7,4.75,7.5,2.5
5022,5,18.65,2,32,19,N,5,1,4,3.73,6,2.5
5023,12,48.3,1,49,17,M,5,5,7,4.03,7.5,2.5
5024,2,7.1,2,37,25,N,5,0,2,3.55,4,3.1
5025,13,55.9,5,38,27,N,5,6,7,4.3,8.5,2.4
5026,22,168.75,5,51,18,M,5,10,12,7.67,36,0.8
5027,5,63.5,20,32,8,F,5,2,3,12.7,45,3
5028,7,27.85,1,34,21,N,5,4,3,3.98,8.5,1.6
5029,9,44.05,1,21,2,M,5,3,6,4.89,9,2.55
5030,11,42.75,2,55,20,F,5,8,3,3.89,9.5,2.5
5031,5,19,12,23,8,N,5,3,2,3.8,5.1,2.5
5032,13,51.45,9,41,13,F,5,6,7,3.96,14.75,1.6
5033,22,141.45,1,44,14,F,5,11,11,6.43,19.75,1.6
5034,4,15.5,1,51,18,F,5,1,3,3.88,5.3,2
5035,14,62.4,1,27,12,N,5,3,11,4.46,9,1.6
5036,8,32.35,13,67,26,M,5,5,3,4.04,5,3
5037,5,20.6,2,19,1,F,5,4,1,4.12,6.2,3
5038,9,42,14,36,10,M,5,5,4,4.67,7.5,2
5039,11,57.95,4,42,13,M,5,6,5,5.27,21,2
5040,17,81.15,1,25,10,N,5,9,8,4.77,9,2
5041,3,13.9,4,47,16,M,5,1,2,4.63,7.5,2
5042,9,42.35,1,32,19,N,5,7,2,4.71,9,2.45
5043,7,32.2,3,47,16,M,5,1,6,4.6,6.6,3
5044,8,40.5,1,56,21,F,5,2,6,5.06,7.5,3.25
5045,12,45.5,1,18,0,M,5,5,7,3.79,6,0
5046,12,50.35,4,31,17,N,5,4,8,4.2,7.5,1.6
5047,5,16.7,2,59,22,M,5,2,3,3.34,4,2.2
5048,10,47.45,7,18,0,N,5,5,5,4.75,8.95,2.5
5049,10,72,3,26,10,N,5,3,7,7.2,24,2.5
5050,5,14.75,2,35,10,F,5,3,2,2.95,4,2.2
5051,5,21.25,1,28,14,N,5,2,3,4.25,6,2.5
5052,9,29.8,1,43,14,F,5,2,7,3.31,4.9,1.6
5053,7,27.45,1,23,3,F,5,3,4,3.92,8.5,2.2
5054,9,34.85,6,21,5,N,5,1,8,3.87,7.5,0.8
5055,15,59.7,14,59,22,F,5,9,6,3.98,7.5,1.6
5056,11,51.55,2,56,21,M,5,10,1,4.69,9,1.6
5057,15,66.4,6,19,2,N,5,9,6,4.43,8,1.6
5058,9,61.2,2,41,12,M,5,1,8,6.8,28,2.2
5059,7,28.5,1,20,2,F,5,6,1,4.07,6,2
5060,9,40.85,1,45,15,F,5,4,5,4.54,7.5,1.6
5061,9,36.75,17,47,16,F,5,2,7,4.08,6,2.5
5062,14,68.95,4,42,13,F,5,5,9,4.93,9.5,1.6
5063,6,29.55,1,19,1,N,5,5,1,4.93,9,2.45
5064,10,42.85,1,36,10,M,5,6,4,4.29,7,3
5065,9,35.4,1,53,19,F,5,6,3,3.93,8.5,1.6
5066,5,38.25,5,40,12,M,5,5,0,7.65,18,2.5
5067,6,27.9,1,38,27,N,5,1,5,4.65,9,3
5068,10,55.85,2,55,20,F,5,2,8,5.59,10.5,1.6
5069,9,43.1,2,43,14,M,5,4,5,4.79,7.5,2.2
5070,14,56.85,6,37,11,F,5,11,3,4.06,9.3,0
5071,20,91.8,1,48,16,M,5,7,13,4.59,9,2.2
5072,9,58,4,37,25,N,5,5,4,6.44,14,1.6
5073,8,44.9,1,49,17,F,5,3,5,5.61,9.5,3.25
5074,9,38.6,2,43,14,F,5,6,3,4.29,9,1.6
5075,10,38.5,3,35,23,N,5,7,3,3.85,7.5,2.5
5076,1,7.5,29,24,4,F,5,0,1,7.5,7.5,7.5
5077,12,41.4,5,28,14,N,5,6,6,3.45,6,2.1
5078,8,33.95,13,36,24,N,5,6,2,4.24,8.95,2.2
5079,7,33.4,2,67,26,F,5,2,5,4.77,8.95,2.45
5080,5,33.15,12,30,7,M,5,1,4,6.63,14,3.75
5081,11,69.25,1,26,11,N,5,6,5,6.3,22.5,3.5
5082,13,54.35,2,48,17,M,5,7,6,4.18,8,1.6
5083,17,86.25,2,19,2,N,5,10,7,5.07,9,1
5084,23,108.7,1,25,10,N,5,13,10,4.73,12,0.8
5085,12,62.75,2,54,19,M,5,2,10,5.23,7.5,2.5
5086,10,48.05,4,34,9,F,5,2,8,4.81,9,0
5087,8,35.55,5,24,4,F,5,4,4,4.44,6.2,3.1
5088,9,40.9,14,39,12,F,5,5,4,4.54,7,2.5
5089,7,25.6,5,54,20,F,5,4,3,3.66,5.1,2
5090,13,52.96,1,27,5,M,5,7,6,4.07,7.5,1.6
5091,20,131.4,1,38,27,N,5,9,11,6.57,45,1.6
5092,11,39.75,1,33,8,F,5,6,5,3.61,7.5,0.8
5093,10,43.3,2,27,5,M,5,5,5,4.33,7,2.2
5094,8,30.15,2,63,24,M,5,6,2,3.77,6,2.5
5095,12,50.8,2,52,19,M,5,5,7,4.23,12,2.5
5096,14,48.85,3,40,12,F,5,4,10,3.49,6.2,0.8
5097,17,78.65,1,31,18,N,5,14,3,4.63,8.95,0.8
5098,6,36.7,3,28,6,F,5,1,5,6.12,10,3
5099,5,25.25,10,38,11,F,5,0,5,5.05,7.5,3
5100,16,81.8,3,47,16,M,5,8,8,5.11,11.25,0.8
5101,6,34.7,18,67,27,F,5,2,4,5.78,8,3
5102,8,34.75,9,24,9,N,5,8,0,4.34,7.5,2.5
5103,7,27.25,1,61,24,M,5,5,2,3.89,5,2.5
5104,6,25.25,9,32,8,M,5,5,1,4.21,8.5,0.8
5105,6,27.45,1,33,8,F,5,4,2,4.58,8.5,2.2
5106,16,78.35,1,23,3,F,5,7,9,4.9,8,2.5
5107,8,34.65,3,51,18,M,5,4,4,4.33,6,2
5108,11,56.65,2,29,15,N,5,9,2,5.15,11.25,0.8
5109,9,38.4,1,51,18,F,5,7,2,4.27,7.5,2
5110,9,36.85,2,21,4,N,5,7,2,4.09,6,2.5
5111,11,43.35,3,27,12,N,5,2,9,3.94,7.5,1.6
5112,11,64.46,2,55,20,M,5,7,4,5.86,13.33,3
5113,7,24.1,1,38,27,N,5,1,6,3.44,7,2
5114,9,44.4,14,22,6,N,5,5,4,4.93,20.45,0.8
5115,15,55.65,8,38,27,N,5,10,5,3.71,12.75,0.8
5116,11,46,2,55,20,M,5,5,6,4.18,7.5,0.8
5117,4,20.65,9,29,16,N,5,1,3,5.16,7.5,3.75
5118,4,19.5,14,19,1,F,5,2,2,4.88,6,2.5
5119,11,42.5,5,36,24,N,5,3,8,3.86,6.3,2.5
5120,12,50.11,7,18,1,N,5,3,9,4.18,9,1.6
5121,7,27.25,2,27,5,F,5,5,2,3.89,6,3
5122,8,48.25,2,60,23,F,5,4,4,6.03,9.5,3.25
5123,11,47.25,1,18,0,F,5,5,6,4.3,7.5,2.5
5124,12,71.35,3,48,16,M,5,4,8,5.95,21,0.8
5125,8,67.9,12,26,11,N,5,2,6,8.49,28,2.5
5126,7,34.5,12,61,23,F,5,4,3,4.93,7,2.5
5127,8,37,2,34,9,F,5,4,4,4.63,8.5,2.5
5128,7,31.15,18,28,14,N,5,3,4,4.45,8.5,2.4
5129,10,40.75,18,38,26,N,5,6,4,4.08,7,3
5130,8,64.35,2,33,21,N,5,4,4,8.04,28,3.1
5131,4,14.6,9,62,24,M,5,1,3,3.65,6,2.5
5132,13,44.2,3,33,9,M,5,6,7,3.4,6,0.8
5133,3,17.5,17,35,23,N,5,3,0,5.83,9,3.5
5134,10,44.7,2,25,4,M,5,10,0,4.47,9.3,2.5
5135,8,37.1,2,23,3,F,5,4,4,4.64,7.5,2.2
5136,9,42.25,5,18,1,M,5,3,6,4.69,6.2,3
5137,10,38.5,1,58,22,F,5,2,8,3.85,6,2.5
5138,8,35.1,17,19,1,M,5,5,3,4.39,7,1.6
5139,10,32,2,32,19,N,5,3,7,3.2,5,2.2
5140,6,26.45,1,21,5,N,5,4,2,4.41,6,2.45
5141,11,42.2,1,23,7,N,5,9,2,3.84,5,2.45
5142,6,25.75,1,18,1,N,5,2,4,4.29,6,2.5
5143,6,26.5,11,44,15,M,5,3,3,4.42,6,1.6
5144,13,63.46,9,20,1,F,5,6,7,4.88,8.5,2.5
5145,14,66.3,1,31,7,F,5,3,11,4.74,9.5,3
5146,11,54.15,8,22,6,N,5,2,9,4.92,11.25,0.8
5147,1,3,25,26,5,M,5,1,0,3,3,3
5148,4,22,11,26,5,F,5,3,1,5.5,7,3
5149,6,24.1,2,59,22,F,5,5,1,4.02,7,2.5
5150,8,60.5,3,25,4,M,5,5,3,7.56,19.75,2.5
5151,9,40.7,3,31,18,N,5,3,6,4.52,10.5,1.6
5152,8,31.2,2,60,23,M,5,3,5,3.9,7.5,2.2
5153,4,22,19,65,26,F,5,3,1,5.5,6,5
5154,10,47,9,22,6,N,5,5,5,4.7,7,2.5
5155,7,24.4,16,23,8,N,5,2,5,3.49,6,2
5156,5,16,3,21,2,M,5,3,2,3.2,4,2.5
5157,12,53.1,1,53,19,M,5,4,8,4.43,7.65,2.2
5158,11,52.05,1,26,11,N,5,7,4,4.73,9,0.8
5159,12,48.65,2,37,11,M,5,5,7,4.05,7,0.8
5160,6,24.35,24,36,10,F,5,3,3,4.06,5,3
5161,7,24.9,2,36,24,N,5,2,5,3.56,5,0.8
5162,10,44.8,6,28,6,F,5,3,7,4.48,7,2.2
5163,17,69.85,1,25,9,N,5,13,4,4.11,6,2.2
5164,13,66.15,2,24,8,N,5,5,8,5.09,14.25,2.5
5165,8,29.85,1,65,25,M,5,4,4,3.73,6,3
5166,13,60.1,2,30,7,M,5,5,8,4.62,8.5,2.5
5167,9,41.35,1,33,20,N,5,5,4,4.59,7.5,2.2
5168,10,38.6,1,24,9,N,5,0,10,3.86,7.5,2
5169,11,45.75,1,33,8,F,5,9,2,4.16,8,2
5170,7,30.75,1,65,26,F,5,5,2,4.39,8,1.6
5171,14,65.75,2,57,21,F,5,7,7,4.7,14.75,0.8
5172,4,22.35,3,62,24,F,5,2,2,5.59,9.5,3.1
5173,5,27.1,4,62,24,M,5,3,2,5.42,13.5,2
5174,14,66.75,1,38,26,N,5,5,9,4.77,9,0.8
5175,5,24.75,2,67,27,M,5,1,4,4.95,14,2.1
5176,11,51.45,7,35,23,N,5,1,10,4.68,9,0.8
5177,10,31.7,18,30,7,F,5,10,0,3.17,5,2
5178,10,46.7,1,30,16,N,5,7,3,4.67,8.95,2.5
5179,7,42.9,2,32,8,M,5,3,4,6.13,12,2.5
5180,10,49.5,2,21,5,N,5,4,6,4.95,6.3,0
5181,10,46,14,59,22,M,5,8,2,4.6,9.5,3
5182,13,52.35,4,26,5,F,5,5,8,4.03,7.5,2.45
5183,6,27.15,14,58,22,F,5,4,2,4.53,9.25,0.8
5184,8,37.1,17,22,3,M,5,4,4,4.64,7.5,2
5185,9,34.9,7,18,1,F,5,6,3,3.88,7,2.5
5186,7,31.25,1,35,10,F,5,5,2,4.46,6,3.25
5187,14,64.3,1,25,4,F,5,6,8,4.59,8.5,2.5
5188,2,10.5,19,52,18,F,5,1,1,5.25,7,3.5
5189,7,30.2,1,54,20,F,5,5,2,4.31,6.2,2.5
5190,10,45.94,1,43,14,M,5,6,4,4.59,7,2.5
5191,7,38,2,37,25,N,5,2,5,5.43,7.5,3.5
5192,9,50.4,6,36,24,N,5,2,7,5.6,10.5,2.5
5193,9,43.95,1,46,15,F,5,5,4,4.88,7,2
5194,5,18.5,2,18,1,N,5,3,2,3.7,6,2.5
5195,10,43.5,6,38,11,F,5,5,5,4.35,8,2.5
5196,14,74.19,2,36,24,N,5,5,9,5.3,9.5,2
5197,9,32.95,2,31,8,M,5,4,5,3.66,6.2,0
5198,9,42.25,4,32,8,F,5,5,4,4.69,9.3,2.5
5199,10,53.5,4,24,9,N,5,6,4,5.35,14,1
5200,6,28.3,1,59,22,M,5,5,1,4.72,7.5,0.8
5201,14,62.9,7,21,4,N,5,11,3,4.49,9.25,2.2
5202,4,20.5,24,30,16,N,5,3,1,5.13,7,2.5
5203,16,69,2,59,22,M,5,10,6,4.31,10.95,1.6
5204,11,47.53,9,54,19,F,5,5,6,4.32,8.5,2.5
5205,12,58,1,19,2,N,5,6,6,4.83,8.5,3
5206,3,17,18,40,12,F,5,1,2,5.67,7.5,3.5
5207,8,43.96,19,32,8,F,5,7,1,5.5,9.5,3.5
5208,12,57.7,2,23,3,M,5,7,5,4.81,12.75,0.8
5209,11,47.8,7,41,13,M,5,7,4,4.35,9,1.6
5210,10,52.1,2,25,10,N,5,6,4,5.21,14.75,2
5211,11,43.25,1,25,9,N,5,3,8,3.93,7,1
5212,6,23.1,1,45,15,F,5,3,3,3.85,7,2
5213,13,73.2,2,38,11,F,5,9,4,5.63,12,1.6
5214,4,20,8,63,24,M,5,4,0,5,8,2
5215,4,21,15,36,24,N,5,2,2,5.25,8.5,2.5
5216,7,38.25,1,44,14,F,5,4,3,5.46,9,3
5217,3,21.85,10,46,15,M,5,1,2,7.28,9.5,5
5218,12,52.9,1,33,9,F,5,4,8,4.41,8.5,0.8
5219,6,33.5,3,57,21,F,5,5,1,5.58,12,2.5
5220,11,57.1,2,50,18,F,5,4,7,5.19,9,2.5
5221,7,34.55,4,22,6,N,5,5,2,4.94,6,3.5
5222,15,61.35,2,33,20,N,5,2,13,4.09,9.5,0.8
5223,8,49.75,1,33,20,N,5,8,0,6.22,9,3.25
5224,13,55.2,1,25,4,F,5,10,3,4.25,11.25,0.8
5225,16,70.95,1,24,9,N,5,7,9,4.43,9,0.8
5226,9,27.3,1,26,11,N,5,5,4,3.03,3.75,2
5227,9,49.7,3,52,19,F,5,1,8,5.52,14.75,2.2
5228,21,104.05,2,68,27,F,5,10,11,4.95,18,0.8
5229,14,58.1,17,41,13,F,5,7,7,4.15,7.5,2.5
5230,7,32.9,19,18,1,N,5,5,2,4.7,7.5,3
5231,7,32.75,1,25,10,N,5,5,2,4.68,7.5,3
5232,13,55.8,2,31,17,N,5,5,8,4.29,11.25,1.6
5233,14,70.8,6,20,3,N,5,5,9,5.06,14.75,0.8
5234,6,25.05,11,60,23,M,5,4,2,4.18,6.2,1.6
5235,6,29.35,4,56,21,M,5,5,1,4.89,6.3,0
5236,10,40.15,11,27,13,N,5,4,6,4.02,8.5,1.6
5237,7,34.8,7,66,26,M,5,6,1,4.97,7.65,2.4
5238,10,53.7,6,20,4,N,5,6,4,5.37,10.95,0.8
5239,6,22.95,1,22,6,N,5,1,5,3.83,6.2,2.5
5240,7,39.35,1,24,9,N,5,3,4,5.62,11.25,1.6
5241,3,14.75,2,67,27,F,5,2,1,4.92,6,3.75
5242,8,44.2,1,23,7,N,5,5,3,5.53,8,2.5
5243,8,30.5,17,35,23,N,5,5,3,3.81,9,2.5
5244,12,77.65,1,54,19,F,5,4,8,6.47,28,0.8
5245,15,61.1,11,34,9,M,5,5,10,4.07,7.5,1.6
5246,9,43.46,1,66,26,M,5,4,5,4.83,8,2.5
5247,9,39.2,17,27,12,N,5,3,6,4.36,6.2,3
5248,4,14.46,12,63,25,M,5,4,0,3.62,4.9,2.5
5249,10,43.75,2,30,16,N,5,5,5,4.38,7,2.5
5250,5,28.9,2,40,12,M,5,3,2,5.78,9.5,3.5
5251,4,21.35,1,33,8,M,5,1,3,5.34,11.25,3
5252,7,26,1,48,17,M,5,4,3,3.71,6,2.5
5253,6,27.2,6,50,18,M,5,1,5,4.53,12,2.2
5254,6,24.75,2,61,23,F,5,3,3,4.13,6,2
5255,7,33.75,2,68,27,M,5,2,5,4.82,7.5,3.5
5256,8,34.45,1,33,20,N,5,6,2,4.31,6.2,2.5
5257,12,74,4,37,26,N,5,8,4,6.17,7.6,3.75
5258,6,22.85,1,36,24,N,5,3,3,3.81,5,3
5259,11,48.55,5,61,23,F,5,5,6,4.41,8.5,2.2
5260,5,20.7,16,48,16,F,5,4,1,4.14,6,2.2
5261,9,40.7,5,49,17,M,5,7,2,4.52,9,0.8
5262,14,62.65,2,53,19,F,5,7,7,4.48,7.5,2.45
5263,7,38.75,2,55,20,F,5,4,3,5.54,11.25,2.5
5264,5,25.25,22,68,27,F,5,4,1,5.05,9.25,3
5265,15,61.6,1,28,14,N,5,5,10,4.11,6,2.5
5266,8,35.95,2,39,12,M,5,4,4,4.49,9.5,2.45
5267,9,38.75,1,26,12,N,5,3,6,4.31,7.65,2.5
5268,11,45.6,3,22,3,F,5,7,4,4.15,12,1.6
5269,10,38.55,5,27,13,N,5,5,5,3.86,6,2.2
5270,11,46.4,1,26,12,N,5,9,2,4.22,6,2.5
5271,9,44.95,10,46,16,F,5,2,7,4.99,12,1.6
5272,13,62.95,7,34,21,N,5,9,4,4.84,9.5,0.8
5273,8,36.35,6,66,26,F,5,5,3,4.54,6,0
5274,14,69.85,1,45,15,M,5,8,6,4.99,7.5,0.8
5275,7,40.45,8,30,7,F,5,3,4,5.78,11.25,3
5276,6,23.6,1,23,3,M,5,3,3,3.93,5,3.1
5277,10,50.7,5,20,4,N,5,6,4,5.07,9,1.6
5278,8,37.2,19,42,13,F,5,6,2,4.65,7,3.25
5279,12,59.75,3,38,26,N,5,4,8,4.98,9,1.6
5280,5,27.5,2,38,11,F,5,2,3,5.5,7.5,3
5281,14,68.95,1,30,16,N,5,3,11,4.93,9,2.2
5282,9,40.5,14,52,19,M,5,3,6,4.5,9,2.5
5283,12,52.1,2,51,18,M,5,10,2,4.34,9.5,2.45
5284,10,51.7,2,50,18,F,5,5,5,5.17,11.25,2.2
5285,7,27.5,24,45,15,F,5,5,2,3.93,6.2,2.5
5286,13,66.1,1,24,4,M,5,6,7,5.08,9,2.5
5287,9,36.15,15,26,11,N,5,3,6,4.02,9.25,1.6
5288,8,37.29,1,38,11,M,5,7,1,4.66,7,2.5
5289,10,42.7,1,47,16,M,5,3,7,4.27,7,2.5
5290,12,55.65,6,37,25,N,5,4,8,4.64,8,2.55
5291,9,36.8,7,67,27,F,5,5,4,4.09,7.5,1.6
5292,9,34.25,5,61,24,F,5,7,2,3.81,9,2.5
5293,7,42.4,2,52,19,M,5,3,4,6.06,9.3,5
5294,7,43.1,1,63,25,F,5,4,3,6.16,12.75,1.6
5295,8,31.2,8,32,19,N,5,5,3,3.9,6.6,2.5
5296,9,32.95,5,57,21,M,5,7,2,3.66,6,2
5297,5,22.85,2,49,17,F,5,3,2,4.57,9.5,3
5298,15,69.85,3,50,18,M,5,9,6,4.66,8.5,2.4
5299,4,19.75,18,38,11,F,5,4,0,4.94,7,3
5300,7,27.45,10,38,27,N,5,4,3,3.92,6,2.2
5301,17,82.7,1,31,8,M,5,5,12,4.86,11.25,1.6
5302,8,40.65,1,68,27,M,5,2,6,5.08,8.5,2.2
5303,14,78.4,2,39,12,F,5,10,4,5.6,18,1.6
5304,15,65.6,1,53,19,F,5,7,8,4.37,14,1.6
5305,9,32.7,6,66,26,F,5,6,3,3.63,7.5,2.2
5306,11,44,1,34,22,N,5,5,6,4,8,2.5
5307,8,41.2,3,66,26,M,5,5,3,5.15,8,3
5308,7,29.05,6,63,24,M,5,4,3,4.15,11.25,0.8
5309,6,32.35,8,58,22,F,5,3,3,5.39,8.5,2
5310,9,51.1,1,37,11,M,5,6,3,5.68,19.75,2.5
5311,9,36.1,2,27,12,N,5,4,5,4.01,7.5,1.6
5312,5,16.55,8,39,11,F,5,0,5,3.31,6,0.8
5313,7,35.25,21,57,21,M,5,4,3,5.04,8.5,2.5
5314,9,63.7,12,30,17,N,5,8,1,7.08,20.45,3
5315,11,52.45,15,34,22,N,5,10,1,4.77,9,3
5316,5,27.35,2,62,24,F,5,4,1,5.47,9,1.6
5317,7,31.85,4,38,27,N,5,5,2,4.55,9.5,2.2
5318,14,62.9,6,29,15,N,5,7,7,4.49,9,2
5319,7,41,2,21,4,N,5,4,3,5.86,9.5,3
5320,10,48.75,6,18,0,N,5,6,4,4.88,9,2.5
5321,11,45.4,1,24,4,F,5,7,4,4.13,7,0.8
5322,17,57.95,1,62,24,M,5,3,14,3.41,5,0.8
5323,9,49.05,6,42,13,F,5,1,8,5.45,9,1.6
5324,4,18.4,1,38,11,M,5,4,0,4.6,8,2.5
5325,6,24.4,25,24,9,N,5,2,4,4.07,5,2.5
5326,12,40.35,1,32,19,N,5,7,5,3.36,6,1.6
5327,9,58.05,3,22,3,F,5,8,1,6.45,28,1.6
5328,10,47.95,1,28,14,N,5,5,5,4.8,9,2.55
5329,9,40.95,10,53,19,M,5,5,4,4.55,6.2,2.5
5330,8,26,1,61,23,M,5,4,4,3.25,6.2,0.8
5331,16,64.6,1,42,13,F,5,11,5,4.04,7.5,0.8
5332,15,63.05,1,27,12,N,5,6,9,4.2,8,0.8
5333,8,33.35,2,21,5,N,5,2,6,4.17,6,2.45
5334,8,36.2,2,24,4,M,5,6,2,4.53,8.5,2.2
5335,8,42.75,7,29,15,N,5,4,4,5.34,9,3
5336,4,21,12,30,7,M,5,0,4,5.25,7.5,2.5
5337,7,24.75,1,25,9,N,5,3,4,3.54,4.75,2.5
5338,6,27.05,2,55,20,F,5,4,2,4.51,6,2.5
5339,8,51.2,13,32,19,N,5,4,4,6.4,19.75,0.8
5340,7,29.2,3,26,11,N,5,3,4,4.17,9,1.6
5341,8,43.5,2,21,4,N,5,5,3,5.44,7.5,3
5342,9,32.25,1,36,10,F,5,5,4,3.58,7.5,2.5
5343,6,25,1,22,3,M,5,1,5,4.17,5,3
5344,9,43.05,3,63,24,F,5,6,3,4.78,8,1.6
5345,10,54.05,2,43,14,F,5,5,5,5.41,12.75,0.8
5346,3,17.45,1,22,7,N,5,1,2,5.82,7,4.25
5347,19,83.39,1,47,16,F,5,8,11,4.39,9.5,2
5348,11,40.1,13,41,13,M,5,7,4,3.65,7.5,1.6
5349,11,46.95,1,56,20,M,5,6,5,4.27,7.5,2.55
5350,6,25.6,1,34,22,N,5,4,2,4.27,6.6,2
5351,7,29,1,29,7,F,5,5,2,4.14,9,2.5
5352,14,54.8,1,19,3,N,5,3,11,3.91,6,2.1
5353,6,25,5,34,21,N,5,3,3,4.17,6.2,2
5354,14,99.2,3,27,5,F,5,10,4,7.09,45,0
5355,14,51.2,1,26,5,M,5,6,8,3.66,7.5,0.8
5356,7,35.25,1,31,17,N,5,4,3,5.04,7.5,3
5357,7,24.45,6,30,16,N,5,5,2,3.49,6,2
5358,6,21.2,6,52,19,F,5,3,3,3.53,9,2
5359,14,64.3,1,30,17,N,5,7,7,4.59,15,0.8
5360,9,38.5,1,46,16,F,5,4,5,4.28,7.5,2.5
5361,10,42.1,1,68,27,M,5,4,6,4.21,8,2.2
5362,10,39.9,5,18,1,N,5,6,4,3.99,9,0.8
5363,7,23.95,1,47,16,M,5,5,2,3.42,6,2.2
5364,7,28.8,1,63,25,F,5,4,3,4.11,11.25,1.6
5365,2,14.6,26,40,12,F,5,1,1,7.3,9.5,5.1
5366,4,17.1,17,20,3,N,5,3,1,4.28,6,2.5
5367,7,37.6,6,21,4,N,5,4,3,5.37,9,2.45
5368,12,48.5,6,42,13,M,5,2,10,4.04,6.2,2
5369,2,11,26,28,6,M,5,2,0,5.5,6,5
5370,6,23.6,8,30,16,N,5,2,4,3.93,9,1.6
5371,7,48.75,7,30,16,N,5,2,5,6.96,14,3
5372,13,53.8,5,19,2,N,5,7,6,4.14,9,0.8
5373,8,34.65,2,60,23,M,5,4,4,4.33,7.5,1.6
5374,6,25.7,1,62,24,F,5,2,4,4.28,7.5,0.8
5375,12,57.25,1,48,16,F,5,4,8,4.77,9,1.6
5376,14,54.5,17,57,21,M,5,8,6,3.89,6,2.4
5377,6,29.95,1,66,26,F,5,2,4,4.99,9,2.2
5378,10,45.05,1,24,8,N,5,6,4,4.51,9,2.45
5379,10,42.35,2,65,26,F,5,3,7,4.24,9.25,0.8
5380,9,49.55,4,54,20,M,5,3,6,5.51,14,0.8
5381,6,24.35,1,44,14,F,5,4,2,4.06,5,2.2
5382,9,37.9,1,28,14,N,5,2,7,4.21,7.5,2.5
5383,12,51.85,1,24,9,N,5,9,3,4.32,7,1.6
5384,13,57.8,3,27,5,F,5,6,7,4.45,7.5,2.55
5385,6,28.45,4,35,10,M,5,5,1,4.74,8,2.2
5386,9,43.35,2,25,4,M,5,7,2,4.82,8.5,2.2
5387,10,65.25,1,35,10,F,5,2,8,6.53,14,3
5388,14,63,9,24,8,N,5,8,6,4.5,9.5,0.8
5389,13,62.85,1,56,21,F,5,9,4,4.83,8.5,2.5
5390,8,33,1,32,8,F,5,5,3,4.13,6,3
5391,11,53.25,2,52,18,F,5,4,7,4.84,9,0.8
5392,12,54.85,2,29,6,M,5,6,6,4.57,8.5,1.6
5393,15,85.2,2,55,20,F,5,8,7,5.68,20.45,2.5
5394,3,18.5,13,24,8,N,5,1,2,6.17,9.5,3
5395,7,32.95,1,44,14,F,5,6,1,4.71,7.5,2.45
5396,8,31.75,14,47,16,F,5,2,6,3.97,7,2.5
5397,7,37,9,32,19,N,5,5,2,5.29,7.5,3
5398,7,40,5,33,9,F,5,4,3,5.71,13.5,2.5
5399,11,54.1,2,56,21,M,5,4,7,4.92,10.5,1.6
5400,8,48.95,4,20,2,M,5,3,5,6.12,9,2.2
5401,8,34.85,11,23,7,N,5,6,2,4.36,6,2.5
5402,10,48.8,1,45,15,M,5,6,4,4.88,9.5,0.8
5403,10,46.15,2,38,27,N,5,7,3,4.62,6,3
5404,4,24,2,64,25,F,5,2,2,6,9.5,2.5
5405,15,63.3,4,50,18,F,5,7,8,4.22,9.5,1.6
5406,8,30.25,17,20,4,N,5,3,5,3.78,7.5,0.8
5407,4,12.25,2,36,10,F,5,2,2,3.06,3.75,2.5
5408,15,70.1,1,34,21,N,5,8,7,4.67,12.75,0.8
5409,6,25.5,1,53,19,F,5,1,5,4.25,6,2
5410,14,56.15,1,58,22,F,5,3,11,4.01,7.5,2.5
5411,5,17.85,3,18,0,M,5,5,0,3.57,7.5,1.6
5412,15,77.75,2,36,10,F,5,6,9,5.18,9,2
5413,3,16.1,5,34,9,M,5,2,1,5.37,6,5
5414,15,81.4,2,36,10,F,5,9,6,5.43,12.75,1.6
5415,9,43.64,13,22,2,M,5,1,8,4.85,8.95,2
5416,12,59.8,2,27,5,F,5,7,5,4.98,8.95,1.6
5417,14,70.9,2,38,11,F,5,6,8,5.06,9.25,1.6
5418,10,33.75,1,41,13,M,5,7,3,3.38,7.5,1.6
5419,17,94.18,2,38,11,F,5,11,6,5.54,13.33,2.5
5420,6,31,2,28,14,N,5,4,2,5.17,7.5,2.5
5421,7,36.1,2,26,12,N,5,3,4,5.16,7.5,2.5
5422,11,51.95,2,43,14,F,5,10,1,4.72,9.5,0.8
5423,5,18.1,21,46,15,F,5,2,3,3.62,6,1.6
5424,15,55.8,5,55,20,F,5,7,8,3.72,9,1.6
5425,14,69.95,2,31,7,M,5,7,7,5,10.5,2.5
5426,10,45.3,8,18,1,F,5,8,2,4.53,8,0.8
5427,9,42.5,2,49,17,F,5,3,6,4.72,9.5,2
5428,5,18.65,1,23,3,M,5,3,2,3.73,6.2,2.45
5429,10,49.5,1,53,19,F,5,8,2,4.95,9,2.5
5430,10,39.25,2,29,15,N,5,3,7,3.93,7.5,2.5
5431,17,80.4,3,27,13,N,5,7,10,4.73,7,1.6
5432,9,42.35,1,36,25,N,5,3,6,4.71,6,1.6
5433,16,68.5,2,32,19,N,5,8,8,4.28,7.5,1.6
5434,9,43.55,2,20,3,N,5,2,7,4.84,8.95,1.6
5435,12,55.4,2,46,15,F,5,5,7,4.62,7.65,1.6
5436,3,13,3,30,17,N,5,2,1,4.33,5,3
5437,13,59.25,3,18,0,N,5,6,7,4.56,9,0.8
5438,13,60.9,9,25,4,F,5,8,5,4.68,18,0.8
5439,7,36.75,15,60,23,F,5,4,3,5.25,9,3
5440,11,43.95,2,66,26,M,5,6,5,4,10.5,0.8
5441,9,41.1,2,34,9,F,5,3,6,4.57,7,2
5442,7,39,2,24,8,N,5,4,3,5.57,9,2.5
5443,8,45.35,6,52,19,F,5,5,3,5.67,9.5,2.5
5444,4,21.15,8,34,21,N,5,2,2,5.29,9,2.2
5445,5,23.75,24,19,2,N,5,3,2,4.75,7.5,3
5446,9,42.25,1,37,25,N,5,1,8,4.69,9,2.5
5447,13,52.9,4,25,9,N,5,10,3,4.07,10.95,2.2
5448,7,25.8,12,23,7,N,5,2,5,3.69,9,2.5
5449,7,31.7,1,24,3,F,5,5,2,4.53,8,0.8
5450,6,22.5,1,35,9,M,5,5,1,3.75,7.5,3
5451,13,53.3,5,24,4,F,5,5,8,4.1,9,1.6
5452,12,61.25,1,51,18,F,5,5,7,5.1,9,2
5453,12,45.45,1,54,20,M,5,6,6,3.79,8.5,0.8
5454,6,27.3,1,19,2,N,5,3,3,4.55,7.5,2.5
5455,9,79.7,6,34,9,F,5,5,4,8.86,45,3
5456,10,36.85,3,31,18,N,5,5,5,3.69,6,1.6
5457,3,12.35,25,51,18,M,5,1,2,4.12,5,2.45
5458,8,37.55,17,59,22,F,5,3,5,4.69,8.95,3.1
5459,8,40.65,7,56,21,F,5,3,5,5.08,9.5,2
5460,5,23.6,2,27,5,M,5,2,3,4.72,8.95,3
5461,8,30.55,2,60,23,M,5,3,5,3.82,7.5,0.8
5462,8,36.5,2,20,1,F,5,4,4,4.56,6,3
5463,8,39.6,2,39,12,F,5,5,3,4.95,9.5,2.5
5464,14,59.5,6,25,10,N,5,5,9,4.25,9,2.45
5465,10,56.65,1,25,4,F,5,7,3,5.67,12.75,0.8
5466,7,27.75,1,36,10,F,5,1,6,3.96,7.5,2.2
5467,11,45.5,3,57,21,M,5,1,10,4.14,9,1.6
5468,12,64.35,1,18,1,F,5,9,3,5.36,7.5,1.6
5469,12,54.95,1,64,25,F,5,2,10,4.58,8.5,0.8
5470,6,24.2,11,50,18,F,5,4,2,4.03,8.5,1.6
5471,16,62,9,33,20,N,5,8,8,3.88,6.2,0.8
5472,5,22.45,1,38,26,N,5,2,3,4.49,6,2.45
5473,8,31.75,11,60,23,F,5,3,5,3.97,7.5,2.5
5474,5,20.2,1,22,6,N,5,3,2,4.04,5.1,3.1
5475,8,32.75,2,26,11,N,5,7,1,4.09,7,2.5
5476,6,20.65,1,51,18,F,5,4,2,3.44,4.9,2.5
5477,7,26.3,13,25,4,F,5,4,3,3.76,6,0.8
5478,5,20.45,4,31,7,M,5,3,2,4.09,6,2.2
5479,15,80.8,2,38,26,N,5,4,11,5.39,10.5,2.5
5480,15,60.25,2,62,24,F,5,7,8,4.02,6,2.2
5481,12,50.35,2,23,8,N,5,7,5,4.2,6,1.6
5482,6,24.75,18,28,6,F,5,3,3,4.13,7,2.2
5483,9,40.45,2,29,15,N,5,4,5,4.49,8.5,1.6
5484,8,31.95,2,36,24,N,5,1,7,3.99,9,0
5485,9,41.65,10,27,5,F,5,4,5,4.63,7,1
5486,8,34.1,4,18,1,N,5,6,2,4.26,9,1.6
5487,13,49.65,1,27,13,N,5,7,6,3.82,9.5,0.8
5488,8,33.35,2,26,11,N,5,6,2,4.17,6.2,2.55
5489,10,64.05,2,55,20,M,5,7,3,6.41,18,1.6
5490,9,36.25,2,21,2,M,5,4,5,4.03,7.5,0
5491,4,20.6,10,22,3,M,5,0,4,5.15,7,3.1
5492,10,49.15,2,30,7,F,5,3,7,4.92,9.5,2.5
5493,9,40.75,5,51,18,F,5,2,7,4.53,6,3.5
5494,12,88.3,3,26,5,F,5,5,7,7.36,23,1.6
5495,4,35.55,4,32,8,M,5,0,4,8.89,28,0.8
5496,12,67,2,31,8,F,5,11,1,5.58,21,2.5
5497,6,41.5,5,29,6,M,5,1,5,6.92,10.5,2.5
5498,13,64.4,3,68,27,F,5,9,4,4.95,10.95,0.8
5499,11,41.9,1,30,7,F,5,7,4,3.81,7.5,2.5
5500,8,32,1,68,27,F,5,6,2,4,7.5,2.5
5501,7,26.3,2,35,9,F,5,3,4,3.76,7.5,2.55
5502,13,66.65,1,43,14,M,5,7,6,5.13,9,2.2
5503,8,24,7,31,18,N,5,4,4,3,3.5,2.5
5504,14,71.9,1,62,24,M,5,5,9,5.14,12.75,1.6
5505,9,33.15,2,23,3,F,5,6,3,3.68,5,2.2
5506,12,51.55,5,28,6,F,5,4,8,4.3,9.3,2
5507,8,44.6,6,48,16,F,5,7,1,5.58,12.75,1.6
5508,6,30.1,1,41,13,F,5,2,4,5.02,8.5,2.5
5509,13,46.8,1,21,5,N,5,7,6,3.6,8.5,0.8
5510,11,49.05,2,64,25,F,5,5,6,4.46,9,1.6
5511,8,31.18,17,43,14,M,5,7,1,3.9,5,2.45
5512,9,56.1,1,40,12,F,5,2,7,6.23,9.25,0
5513,8,30.65,14,20,4,N,5,3,5,3.83,6.2,2
5514,5,22.75,1,55,20,M,5,1,4,4.55,9.5,3
5515,13,66.45,1,34,21,N,5,3,10,5.11,7.5,3
5516,8,67.25,1,34,22,N,5,4,4,8.41,28,2
5517,5,22.25,19,24,9,N,5,2,3,4.45,6,3
5518,5,19,2,66,26,F,5,3,2,3.8,5,2
5519,8,27.5,1,27,13,N,5,4,4,3.44,6,2
5520,10,41.95,11,20,2,F,5,6,4,4.2,8.95,2.4
5521,3,13.4,7,23,7,N,5,2,1,4.47,6,3
5522,8,39.15,2,20,2,M,5,5,3,4.89,12.75,0.8
5523,3,11.6,12,19,3,N,5,1,2,3.87,5,2.2
5524,9,40.7,1,37,11,F,5,6,3,4.52,7.5,2.2
5525,8,33.5,8,22,3,F,5,4,4,4.19,9,0.8
5526,6,22.5,2,25,4,M,5,6,0,3.75,6,2
5527,12,53.55,2,35,22,N,5,7,5,4.46,11.25,0.8
5528,11,63.7,2,19,2,N,5,6,5,5.79,9,2.5
5529,2,6,22,48,16,F,5,2,0,3,3.5,2.5
5530,10,46.05,2,64,25,M,5,5,5,4.61,9,1.6
5531,9,40.25,17,65,26,M,5,4,5,4.47,7.5,1
5532,10,35.55,2,45,15,M,5,4,6,3.56,6,2.4
5533,8,35.6,5,30,16,N,5,5,3,4.45,7,2.5
5534,7,27.4,7,35,23,N,5,4,3,3.91,6,3
5535,14,51.65,2,67,27,F,5,8,6,3.69,8.5,1.6
5536,15,73.25,2,65,26,M,5,4,11,4.88,9.5,1.6
5537,8,35.35,2,68,27,F,5,7,1,4.42,9,3
5538,11,91.8,1,27,5,M,5,8,3,8.35,45,2.45
5539,6,30.65,3,32,19,N,5,4,2,5.11,7.65,2.5
5540,4,24.4,19,39,12,M,5,1,3,6.1,9,2.5
5541,3,21.15,2,41,13,F,5,1,2,7.05,7.65,6
5542,10,41.23,1,31,18,N,5,5,5,4.12,7.5,2.5
5543,7,31.9,2,31,17,N,5,3,4,4.56,7.5,2
5544,11,49.65,1,37,10,M,5,7,4,4.51,8.5,2.5
5545,12,56.4,1,63,25,F,5,2,10,4.7,7,3
5546,10,35.15,2,20,3,N,5,5,5,3.52,5,0.8
5547,9,49.2,1,58,22,M,5,3,6,5.47,9.5,3
5548,16,66.05,1,37,10,F,5,7,9,4.13,7,2
5549,4,16.75,22,50,17,F,5,3,1,4.19,6,2.5
5550,12,51.8,1,27,13,N,5,8,4,4.32,8,0.8
5551,3,10.75,2,43,14,F,5,2,1,3.58,5,2.5
5552,6,28.75,16,32,8,M,5,3,3,4.79,14,2.5
5553,10,68,4,28,6,F,5,8,2,6.8,28,2.45
5554,9,42.25,1,40,12,F,5,1,8,4.69,7,3
5555,6,24,19,19,1,M,5,1,5,4,7,2
5556,6,29.5,1,37,10,M,5,3,3,4.92,9,2
5557,9,34.85,2,25,10,N,5,4,5,3.87,7.5,1.6
5558,5,23,25,65,25,M,5,1,4,4.6,7.5,2.5
5559,13,49.95,10,31,18,N,5,4,9,3.84,9,0.8
5560,5,25.6,2,26,11,N,5,4,1,5.12,6,3.5
5561,5,17,1,56,21,F,5,3,2,3.4,6,2
5562,10,42.85,1,24,8,N,5,4,6,4.29,9,2.5
5563,17,78.75,1,20,3,N,5,9,8,4.63,9.5,1
5564,11,54.15,2,28,13,N,5,8,3,4.92,9.5,2.5
5565,6,24.2,18,21,5,N,5,4,2,4.03,6,2.45
5566,10,42.5,1,49,17,F,5,6,4,4.25,9,2.5
5567,7,28.6,1,35,9,M,5,3,4,4.09,9,1.6
5568,10,50.5,5,37,26,N,5,3,7,5.05,9.3,2.5
5569,2,6.8,17,68,27,M,5,2,0,3.4,6,0.8
5570,12,63.25,2,27,12,N,5,7,5,5.27,11.25,2.5
5571,10,47.58,3,56,21,F,5,3,7,4.76,9,1.6
5572,8,41.1,9,63,24,F,5,3,5,5.14,11.25,3
5573,12,48.55,2,22,6,N,5,10,2,4.05,7,0.8
5574,2,8.5,29,42,13,F,5,2,0,4.25,4.5,4
5575,13,50.6,1,68,27,F,5,3,10,3.89,8.5,1.6
5576,11,53,2,29,6,F,5,8,3,4.82,7.5,2.5
5577,10,42.55,2,34,22,N,5,7,3,4.26,7.5,0.8
5578,11,48.1,2,28,6,M,5,6,5,4.37,9.5,1.6
5579,6,35.5,9,45,15,F,5,5,1,5.92,12,3
5580,9,46.75,9,35,22,N,5,4,5,5.19,9.5,2
5581,12,47.1,2,33,21,N,5,7,5,3.93,7.5,2.2
5582,5,38.7,15,58,22,M,5,3,2,7.74,20.45,3.5
5583,15,55.4,2,44,15,F,5,7,8,3.69,6.6,0.8
5584,4,14.75,18,37,10,F,5,2,2,3.69,6,2
5585,9,49.05,6,24,8,N,5,6,3,5.45,10.5,2.45
5586,7,50.75,4,39,12,M,5,2,5,7.25,18,3
5587,7,29.8,1,27,12,N,5,4,3,4.26,9,2.5
5588,6,24.3,8,20,2,F,5,1,5,4.05,8.5,2.4
5589,1,6,13,62,24,F,5,1,0,6,6,6
5590,9,55.45,1,39,12,F,5,6,3,6.16,18,2.5
5591,6,32.65,1,62,24,F,5,2,4,5.44,9,0.8
5592,17,74.5,2,23,7,N,5,9,8,4.38,9.5,0.8
5593,3,14.7,21,26,11,N,5,0,3,4.9,6.2,3.5
5594,12,45.05,2,51,18,F,5,5,7,3.75,7.5,0.8
5595,9,45.7,1,28,14,N,5,3,6,5.08,8.5,2.45
5596,8,64.3,3,32,20,N,5,4,4,8.04,28,2.2
5597,10,47.75,1,27,6,F,5,6,4,4.78,9,2.5
5598,15,99.05,17,30,17,N,5,4,11,6.6,28,0.8
5599,5,21.05,18,45,15,F,5,5,0,4.21,6,2.2
5600,11,52.15,1,44,14,F,5,6,5,4.74,9.5,1.6
5601,7,32.25,2,68,27,M,5,3,4,4.61,6,3.1
5602,6,25.25,6,18,1,N,5,3,3,4.21,7,2.5
5603,10,38.6,6,33,8,F,5,7,3,3.86,8,1.6
5604,5,23,1,58,22,M,5,4,1,4.6,8.5,3
5605,9,33.95,1,24,9,N,5,4,5,3.77,6.2,2
5606,5,17.28,13,30,7,F,5,3,2,3.46,4.4,2.5
5607,13,61.7,1,21,5,N,5,5,8,4.75,9.5,2.2
5608,10,43.9,2,34,9,M,5,6,4,4.39,7.5,2.5
5609,7,37.65,6,49,17,F,5,3,4,5.38,13.5,2.5
5610,12,67.95,2,19,1,F,5,4,8,5.66,15,1.6
5611,14,61.9,2,61,23,F,5,11,3,4.42,8,1.6
5612,14,60.55,4,56,21,F,5,4,10,4.33,7.5,0.8
5613,10,43.1,6,26,5,F,5,7,3,4.31,8.5,1.6
5614,3,12.85,2,20,3,N,5,3,0,4.28,6,3.1
5615,5,26.9,2,24,3,M,5,4,1,5.38,7.5,2.2
5616,7,26.55,2,33,20,N,5,6,1,3.79,7.5,0.8
5617,8,45.7,1,30,17,N,5,4,4,5.71,9,2.5
5618,6,21.15,1,24,4,M,5,2,4,3.53,5,2.45
5619,14,67.9,4,58,22,M,5,5,9,4.85,9,2.5
5620,12,67.5,1,38,27,N,5,6,6,5.63,12,2.2
5621,4,15.15,7,31,7,F,5,1,3,3.79,7.5,2.2
5622,4,18.3,4,54,20,F,5,2,2,4.58,9.5,2.2
5623,13,77.23,1,34,9,M,5,10,3,5.94,14.75,3.5
5624,9,38.4,1,62,24,F,5,2,7,4.27,6,2.5
5625,12,65.15,2,23,3,F,5,5,7,5.43,12,0.8
5626,5,27,2,65,26,F,5,1,4,5.4,7.5,1
5627,17,79.55,1,22,3,F,5,10,7,4.68,11.25,1.6
5628,6,23.45,17,47,16,F,5,2,4,3.91,7,2.2
5629,8,38.6,2,59,22,F,5,3,5,4.83,8.5,1.6
5630,11,51.5,1,54,20,F,5,5,6,4.68,9.5,2.5
5631,6,25.5,21,20,4,N,5,5,1,4.25,7.5,2.5
5632,13,82.9,2,23,7,N,5,4,9,6.38,22.5,2.45
5633,7,20.75,2,60,23,F,5,7,0,2.96,3.75,2.5
5634,8,39.75,12,39,12,F,5,1,7,4.97,7.5,2
5635,6,26.5,1,49,17,F,5,4,2,4.42,9,2.5
5636,12,62.8,2,26,5,F,5,6,6,5.23,7.5,2.5
5637,12,52.65,7,25,4,F,5,6,6,4.39,14,0.8
5638,7,26.95,9,26,11,N,5,3,4,3.85,6,2.45
5639,4,17.5,19,20,1,F,5,2,2,4.38,6,2.5
5640,4,13.1,2,33,20,N,5,2,2,3.28,5,2
5641,11,41.8,1,19,2,N,5,4,7,3.8,6.2,0.8
5642,9,45.2,8,35,10,F,5,4,5,5.02,14,2.45
5643,6,25.25,1,45,15,M,5,4,2,4.21,6,3.5
5644,12,53.6,1,21,2,F,5,8,4,4.47,7.5,2
5645,5,30.95,2,27,12,N,5,5,0,6.19,9,2.5
5646,11,52,1,29,6,M,5,3,8,4.73,8.5,0.8
5647,8,29.75,2,38,27,N,5,3,5,3.72,7.5,1.6
5648,4,21.75,2,41,13,F,5,1,3,5.44,9.5,3
5649,8,53,3,50,17,M,5,6,2,6.63,28,2.5
5650,6,25.5,17,36,24,N,5,4,2,4.25,7,2.5
5651,9,49.45,2,53,19,F,5,4,5,5.49,9,3
5652,10,98.45,1,31,7,F,5,2,8,9.85,45,2.5
5653,7,52.05,17,41,13,F,5,3,4,7.44,22.5,3.75
5654,9,38.35,1,29,15,N,5,1,8,4.26,9.3,0.8
5655,9,46.8,3,25,10,N,5,2,7,5.2,9.3,2.5
5656,11,65.85,1,65,25,F,5,5,6,5.99,12,1.6
5657,8,34.55,2,63,25,M,5,4,4,4.32,7,1.6
5658,13,53.9,2,44,15,F,5,10,3,4.15,9,3
5659,2,14.5,24,29,7,F,5,2,0,7.25,7.5,7
5660,8,37.7,14,22,6,N,5,3,5,4.71,9.5,2.45
5661,9,45.15,2,60,23,F,5,5,4,5.02,9,2.5
5662,11,65.95,1,30,7,F,5,7,4,6,21,2.5
5663,8,30.5,12,29,15,N,5,1,7,3.81,6,2.5
5664,4,22.9,19,43,14,F,5,1,3,5.73,6.2,4.5
5665,7,28.1,7,31,7,M,5,4,3,4.01,6.2,3
5666,6,31,7,28,6,M,5,3,3,5.17,7.5,2.5
5667,15,73.5,1,36,24,N,5,7,8,4.9,9,2.5
5668,1,2.45,1,39,12,M,5,1,0,2.45,2.45,2.45
5669,10,43.7,2,21,5,N,5,8,2,4.37,7.5,2.2
5670,9,43.25,1,22,5,N,5,4,5,4.81,7.5,2.5
5671,11,58.55,1,25,4,F,5,8,3,5.32,9,1.6
5672,12,52.95,3,22,7,N,5,2,10,4.41,14.25,0.8
5673,16,68.85,4,27,5,F,5,9,7,4.3,7.6,1.6
5674,18,64.65,1,18,1,N,5,10,8,3.59,9.5,0.8
5675,7,25.05,4,30,7,M,5,3,4,3.58,6,0.8
5676,7,26.2,1,29,6,F,5,5,2,3.74,7,2
5677,13,58.86,9,28,14,N,5,6,7,4.53,7.5,0.8
5678,13,76.15,1,49,17,M,5,6,7,5.86,9,0.8
5679,4,18.4,8,26,5,F,5,2,2,4.6,6.4,2.5
5680,7,25.75,2,26,5,F,5,3,4,3.68,7,2
5681,8,55.75,2,20,1,M,5,2,6,6.97,18,2.5
5682,4,17.95,1,24,3,F,5,2,2,4.49,6,2.2
5683,8,21.7,5,32,19,N,5,4,4,2.71,4.25,1.6
5684,11,41.6,1,47,16,F,5,4,7,3.78,8,0.8
5685,14,55.35,2,33,20,N,5,3,11,3.95,9,1
5686,5,20.1,3,31,18,N,5,1,4,4.02,7.5,1.6
5687,15,68.85,5,48,17,F,5,8,7,4.59,9.25,1.6
5688,12,82.9,6,38,11,M,5,7,5,6.91,45,1.6
5689,8,29.4,1,66,26,F,5,1,7,3.68,6,2.2
5690,7,33.25,4,28,6,M,5,3,4,4.75,8.5,3
5691,8,36.25,3,65,25,F,5,3,5,4.53,9.5,2.5
5692,9,31.85,1,60,23,F,5,5,4,3.54,6,1.6
5693,4,26,23,23,7,N,5,2,2,6.5,18,2
5694,7,30.1,5,32,19,N,5,4,3,4.3,7,2
5695,10,41.05,6,19,1,F,5,4,6,4.11,6,2.55
5696,10,44,2,30,16,N,5,7,3,4.4,8.5,0.8
5697,9,40,2,58,22,F,5,4,5,4.44,6,0.8
5698,5,26.3,8,37,10,F,5,3,2,5.26,9.3,2.5
5699,9,53.2,14,46,16,F,5,5,4,5.91,18,2.2
5700,10,45.6,5,52,19,F,5,6,4,4.56,10.5,2
5701,10,36.75,1,23,8,N,5,5,5,3.68,7.5,1
5702,11,59.5,17,50,17,M,5,1,10,5.41,9,2.5
5703,10,39.95,2,21,2,F,5,5,5,4,7.5,1.6
5704,23,102.6,2,18,0,F,5,14,9,4.46,9,2.2
5705,10,45,1,22,6,N,5,1,9,4.5,8.5,2.5
5706,4,15.9,19,50,17,F,5,0,4,3.98,5,3
5707,8,29.2,1,29,15,N,5,6,2,3.65,6.2,2.2
5708,5,18.2,8,18,1,N,5,2,3,3.64,6.2,0.8
5709,10,38.85,2,19,2,N,5,6,4,3.89,6,1.6
5710,2,13,26,63,24,F,5,2,0,6.5,8,5
5711,9,55.5,2,37,25,N,5,6,3,6.17,9.5,3.25
5712,9,43.15,2,65,25,F,5,3,6,4.79,9,2.55
5713,9,35.7,2,39,11,F,5,2,7,3.97,7.5,1.6
5714,7,24.2,1,32,18,N,5,2,5,3.46,5,2.2
5715,8,38.75,1,47,16,F,5,5,3,4.84,8.5,2
5716,7,39.25,3,53,19,M,5,4,3,5.61,9,2.5
5717,7,46.5,4,36,24,N,5,1,6,6.64,13.5,3
5718,6,31.25,6,23,3,F,5,2,4,5.21,9.5,2.5
5719,11,54.15,1,40,12,M,5,4,7,4.92,7.5,0.8
5720,10,70.7,17,37,11,F,5,3,7,7.07,22.5,1.6
5721,9,45,8,56,21,M,5,5,4,5,8.5,2.5
5722,9,45.2,8,64,25,F,5,5,4,5.02,10.5,1.6
5723,5,16.8,1,53,19,F,5,2,3,3.36,6,1.6
5724,13,57,1,40,12,F,5,5,8,4.38,8.5,2.5
5725,5,18.35,2,28,14,N,5,2,3,3.67,6,2.45
5726,8,30.4,1,27,5,M,5,2,6,3.8,6.2,2.5
5727,8,42.25,2,29,15,N,5,5,3,5.28,7.5,3
5728,12,68.7,2,38,11,M,5,6,6,5.73,9.5,3
5729,5,24,2,25,10,N,5,2,3,4.8,7.5,2.5
5730,5,22.95,22,34,22,N,5,3,2,4.59,7.5,3
5731,10,39.4,1,27,13,N,5,3,7,3.94,7.5,2.5
5732,16,73.85,1,41,12,F,5,6,10,4.62,9,3
5733,5,19.15,18,33,9,M,5,3,2,3.83,6,2
5734,10,54,1,29,15,N,5,5,5,5.4,18,0.8
5735,9,41.5,1,29,15,N,5,7,2,4.61,10,3
5736,6,30.2,12,39,27,N,5,6,0,5.03,9.5,1
5737,8,41.45,1,34,9,F,5,5,3,5.18,9.5,2
5738,7,33.3,3,44,14,M,5,2,5,4.76,9,2.5
5739,14,73.3,2,34,21,N,5,6,8,5.24,9.5,2.5
5740,16,69.45,1,19,1,F,5,5,11,4.34,7.5,0.8
5741,2,12.25,2,19,2,N,5,1,1,6.13,8.5,3.75
5742,4,20,2,57,21,F,5,2,2,5,6,3.25
5743,13,53.95,2,35,10,M,5,5,8,4.15,7.5,1.6
5744,13,57.45,2,34,9,F,5,6,7,4.42,7.95,0.8
5745,9,59.75,1,30,7,M,5,3,6,6.64,14,2
5746,13,57.75,1,33,21,N,5,4,9,4.44,7.5,1.6
5747,12,57.45,1,59,22,M,5,6,6,4.79,9,2.5
5748,5,20,2,24,4,F,5,2,3,4,6,3
5749,4,19.6,7,21,2,M,5,1,3,4.9,6.6,3.5
5750,10,36.85,7,55,20,F,5,5,5,3.69,10.5,0.8
5751,6,33.1,7,29,15,N,5,0,6,5.52,9,1.6
5752,12,49.8,11,33,20,N,5,4,8,4.15,7.5,2.2
5753,6,17.75,1,37,26,N,5,4,2,2.96,4.25,2
5754,14,79.75,4,29,14,N,5,4,10,5.7,14.25,2.5
5755,3,17.45,3,35,22,N,5,1,2,5.82,12,2.45
5756,11,46.7,3,21,4,N,5,9,2,4.25,7,2.4
5757,10,44.25,3,47,16,F,5,3,7,4.43,9,2.5
5758,12,51.65,1,30,17,N,5,3,9,4.3,7,1
5759,4,15.05,4,36,23,N,5,4,0,3.76,7,0.8
5760,10,44.2,2,36,10,M,5,5,5,4.42,9,2.45
5761,10,37.75,22,62,24,M,5,6,4,3.78,7.5,2.5
5762,5,25,17,42,13,M,5,3,2,5,7.5,3.5
5763,8,25.05,1,37,26,N,5,4,4,3.13,5,2
5764,10,46.4,1,33,8,M,5,3,7,4.64,8.5,2.45
5765,10,94.9,1,48,16,M,5,4,6,9.49,45,2
5766,7,30.85,2,62,24,F,5,2,5,4.41,7.5,1.6
5767,9,45.75,2,61,23,F,5,7,2,5.08,9,3
5768,11,47.2,5,67,27,F,5,6,5,4.29,8.95,0.8
5769,15,123.75,1,20,3,N,5,9,6,8.25,45,3
5770,8,24.15,11,66,26,M,5,1,7,3.02,6,1.6
5771,6,30,6,19,1,M,5,4,2,5,7.5,3
5772,5,41,4,49,17,F,5,3,2,8.2,21,3
5773,5,21.75,1,19,2,N,5,5,0,4.35,6,2.5
5774,5,15.7,21,25,10,N,5,3,2,3.14,4.9,2.2
5775,5,26.5,11,25,4,M,5,3,2,5.3,7.5,3.25
5776,15,92.65,1,61,23,M,5,8,7,6.18,12,3
5777,14,53.2,10,20,4,N,5,10,4,3.8,6,2.2
5778,15,83.3,5,63,24,F,5,8,7,5.55,9,1.6
5779,7,32.65,2,26,11,N,5,0,7,4.66,9.5,2.5
5780,10,30.44,1,44,14,M,5,9,1,3.04,4.69,1.6
5781,7,30.8,1,39,11,M,5,6,1,4.4,7.5,0.8
5782,12,55.5,1,66,26,F,5,6,6,4.63,9,2.5
5783,9,47,1,35,23,N,5,8,1,5.22,10.95,2.2
5784,1,6,21,32,8,F,5,1,0,6,6,6
5785,15,62.3,1,29,15,N,5,8,7,4.15,8,1.6
5786,14,68.9,1,19,2,N,5,10,4,4.92,8.95,0.8
5787,10,38.55,1,28,13,N,5,7,3,3.86,6,3
5788,5,14.05,20,33,20,N,5,3,2,2.81,4,0.8
5789,9,53.25,2,18,1,N,5,6,3,5.92,9,3.25
5790,10,62.95,3,44,14,F,5,5,5,6.3,18,1
5791,8,53.8,1,59,22,F,5,4,4,6.73,12,0.8
5792,7,29.55,2,26,5,M,5,1,6,4.22,7,2.5
5793,6,33.9,2,37,25,N,5,4,2,5.65,11.25,0.8
5794,7,28.5,1,29,7,M,5,6,1,4.07,6,2.5
5795,13,57.1,1,42,13,F,5,5,8,4.39,9,0.8
5796,15,58.3,2,26,5,M,5,9,6,3.89,14,0.8
5797,8,33.05,1,34,9,F,5,4,4,4.13,7,2.5
5798,11,48.4,8,65,25,M,5,6,5,4.4,6,2.5
5799,14,55.85,2,20,4,N,5,8,6,3.99,7.5,0.8
5800,6,23.45,1,37,25,N,5,5,1,3.91,6.2,2.5
5801,2,11.9,7,18,0,M,5,0,2,5.95,7,4.9
5802,6,33.83,10,35,23,N,5,5,1,5.64,13.33,2.5
5803,7,31.65,1,25,10,N,5,3,4,4.52,6,2.45
5804,11,64.1,5,67,26,F,5,9,2,5.83,12,1.6
5805,9,36.45,2,31,18,N,5,6,3,4.05,7,2.2
5806,15,60.05,2,32,8,F,5,7,8,4,6.2,1.6
5807,15,57.25,7,21,2,F,5,10,5,3.82,7,0.8
5808,11,57.05,1,18,1,M,5,6,5,5.19,9.25,3
5809,7,34,2,54,20,F,5,3,4,4.86,6,2.5
5810,5,28.4,6,22,3,F,5,2,3,5.68,7.5,2.5
5811,7,30.15,15,28,13,N,5,4,3,4.31,7.5,0.8
5812,5,28.95,1,19,1,M,5,3,2,5.79,9,3.75
5813,2,5.5,19,38,27,N,5,2,0,2.75,3,2.5
5814,5,16.05,1,36,25,N,5,0,5,3.21,5,1.6
5815,12,47.75,2,40,12,M,5,4,8,3.98,6,2.5
5816,6,21.75,2,31,18,N,5,2,4,3.63,6.2,2.2
5817,15,78.85,1,59,22,F,5,6,9,5.26,11.25,1.6
5818,13,64.71,5,43,14,F,5,5,8,4.98,7.5,2.2
5819,5,22,1,48,17,F,5,1,4,4.4,7,3
5820,11,40.9,13,28,13,N,5,7,4,3.72,8.5,2
5821,10,43.75,2,37,26,N,5,5,5,4.38,9,2.45
5822,7,33.8,2,32,19,N,5,4,3,4.83,7.5,0.8
5823,9,47,1,35,9,M,5,8,1,5.22,9,2.5
5824,14,73.38,2,28,6,M,5,7,7,5.24,13.33,2.5
5825,11,56.5,7,36,24,N,5,1,10,5.14,10.5,1.6
5826,12,54.6,4,22,2,F,5,7,5,4.55,7.5,2.5
5827,16,103.6,2,44,14,M,5,9,7,6.48,21,2.5
5828,6,21.25,2,31,17,N,5,6,0,3.54,6,2
5829,19,78.5,12,64,25,F,5,7,12,4.13,7.5,0.8
5830,10,43.45,3,30,7,F,5,5,5,4.35,12,2
5831,8,33.5,9,37,25,N,5,4,4,4.19,7.5,3
5832,13,65.25,2,37,11,F,5,8,5,5.02,9.5,0.8
5833,7,29.5,1,29,6,F,5,4,3,4.21,9,2.5
5834,5,16.4,20,21,2,M,5,1,4,3.28,6,2.2
5835,10,42.5,2,46,15,M,5,2,8,4.25,8.5,2.5
5836,4,24,13,25,10,N,5,1,3,6,7.5,2.5
5837,3,7.5,1,35,23,N,5,3,0,2.5,3,2
5838,5,19.35,1,19,1,F,5,3,2,3.87,5,3.1
5839,5,21.3,20,60,23,M,5,4,1,4.26,7.5,0.8
5840,5,24.75,1,40,12,F,5,1,4,4.95,9.3,2.5
5841,5,24.7,16,23,3,M,5,4,1,4.94,8,2.2
5842,13,74.95,8,35,23,N,5,2,11,5.77,19.75,0.8
5843,7,26.9,2,31,18,N,5,1,6,3.84,4.4,3
5844,4,18.75,7,18,1,N,5,2,2,4.69,6,2.5
5845,9,42.75,4,18,0,N,5,4,5,4.75,8.5,1.6
5846,11,54.7,2,36,10,M,5,4,7,4.97,9.5,3
5847,15,68.25,8,33,9,F,5,7,8,4.55,6,2.5
5848,7,28.15,2,34,21,N,5,5,2,4.02,6,3
5849,4,23,1,19,1,M,5,1,3,5.75,8.5,2.5
5850,9,37.35,1,64,25,M,5,8,1,4.15,7,2.2
5851,7,31.9,2,32,18,N,5,3,4,4.56,7.5,2.5
5852,9,56.2,1,31,8,F,5,5,4,6.24,8.5,3
5853,8,43.85,4,46,16,M,5,4,4,5.48,8.5,3.1
5854,13,68.7,2,21,5,N,5,6,7,5.28,14,2.5
5855,5,26.25,9,34,21,N,5,2,3,5.25,7.5,3.75
5856,9,29.6,1,22,5,N,5,4,5,3.29,6.4,2.45
5857,9,35.5,10,36,10,M,5,1,8,3.94,5,3
5858,13,69.1,3,25,10,N,5,10,3,5.32,9.5,3
5859,4,15.1,12,50,17,F,5,1,3,3.78,7.5,1.6
5860,10,54.05,4,25,4,F,5,8,2,5.41,18,0.8
5861,14,61.35,2,52,18,M,5,8,6,4.38,11.25,0.8
5862,9,49.7,2,37,26,N,5,4,5,5.52,18,2.45
5863,7,35,12,30,16,N,5,2,5,5,8,3.5
5864,15,64.88,1,68,27,F,5,10,5,4.33,9,2.5
5865,9,37.8,2,27,13,N,5,4,5,4.2,6,0.8
5866,9,54.75,5,51,18,M,5,4,5,6.08,19.75,2.5
5867,16,77.35,1,35,9,F,5,6,10,4.83,9.5,1.6
5868,6,29.2,20,45,15,F,5,1,5,4.87,10,2.2
5869,4,20.5,4,23,3,F,5,2,2,5.13,9,2.5
5870,8,40.45,1,31,17,N,5,3,5,5.06,7.5,3
5871,11,50.1,1,35,23,N,5,3,8,4.55,7.5,1
5872,8,42.25,1,42,13,M,5,4,4,5.28,9,2.2
5873,7,24,1,57,21,F,5,5,2,3.43,6,2
5874,12,55.9,13,23,8,N,5,9,3,4.66,12,2
5875,3,19,1,59,22,F,5,3,0,6.33,9.5,3.5
5876,10,61,7,50,17,M,5,4,6,6.1,10.5,3
5877,7,32,3,64,25,F,5,2,5,4.57,11.25,2.5
5878,7,33.65,1,20,3,N,5,2,5,4.81,7.5,3.5
5879,19,82.35,2,54,20,M,5,10,9,4.33,8.5,0.8
5880,11,52.55,1,38,11,M,5,6,5,4.78,7,2.45
5881,12,64.4,2,33,20,N,5,3,9,5.37,13.5,0.8
5882,8,29.3,1,23,8,N,5,6,2,3.66,8.5,0.8
5883,13,65.05,1,34,22,N,5,3,10,5,9,3
5884,7,42.5,1,42,13,M,5,3,4,6.07,7.5,3.5
5885,13,53.05,1,31,17,N,5,10,3,4.08,6,0.8
5886,8,49.25,4,64,25,M,5,1,7,6.16,19.75,0.8
5887,9,40.2,5,45,15,F,5,7,2,4.47,8.95,0.8
5888,6,25,1,23,7,N,5,3,3,4.17,7,2
5889,7,24.75,12,38,26,N,5,4,3,3.54,6,2
5890,7,23.55,12,57,21,F,5,0,7,3.36,4.25,0.8
5891,6,35.15,2,44,14,M,5,4,2,5.86,9.5,3.75
5892,6,24.15,17,35,23,N,5,3,3,4.03,6,2.4
5893,6,25.6,25,57,21,M,5,4,2,4.27,6,3
5894,9,40.8,5,67,27,M,5,7,2,4.53,7.6,2.2
5895,11,52.8,1,31,7,F,5,11,0,4.8,9.5,2.5
5896,11,47.6,1,19,3,N,5,6,5,4.33,7.5,2
5897,4,19.5,3,21,2,F,5,2,2,4.88,6,2.5
5898,6,24.9,1,31,7,F,5,2,4,4.15,7.5,3
5899,11,56.2,2,24,4,M,5,5,6,5.11,8,2.5
5900,14,64.8,1,18,0,F,5,5,9,4.63,7.5,2.2
5901,12,52.2,2,19,1,F,5,6,6,4.35,7.5,2.5
5902,9,33.35,1,22,3,M,5,7,2,3.71,6,2
5903,5,18.4,3,18,1,N,5,2,3,3.68,4.9,2.5
5904,10,45.75,1,21,2,F,5,5,5,4.58,11.25,2
5905,4,19.7,20,60,23,F,5,2,2,4.93,9,2.45
5906,19,86.8,1,64,25,M,5,3,16,4.57,18,0.8
5907,7,26.25,22,33,21,N,5,2,5,3.75,5,2.5
5908,10,56.5,2,67,27,M,5,6,4,5.65,11.25,2.5
5909,8,40.65,2,21,2,F,5,7,1,5.08,8.5,3
5910,6,31.4,6,23,7,N,5,1,5,5.23,8.5,2
5911,9,48.15,2,56,20,F,5,5,4,5.35,13.5,2.55
5912,14,62.1,6,22,2,F,5,7,7,4.44,7.5,1.6
5913,6,25.05,1,34,22,N,5,2,4,4.18,6,2.5
5914,7,29.8,17,37,25,N,5,0,7,4.26,7.5,0.8
5915,13,59,2,20,2,F,5,5,8,4.54,11.25,1.6
5916,10,66.6,1,58,22,F,5,5,5,6.66,28,2
5917,14,67.55,2,53,19,M,5,5,9,4.83,10.5,2.2
5918,7,29.9,1,35,9,F,5,7,0,4.27,8.5,2.4
5919,13,57,3,35,22,N,5,6,7,4.38,8.95,2.5
5920,10,46.45,3,57,21,F,5,5,5,4.65,6.2,3
5921,6,24,1,22,6,N,5,4,2,4,6,2.5
5922,9,37.3,5,46,15,M,5,2,7,4.14,6,0.8
5923,12,47.5,11,29,6,F,5,6,6,3.96,8,2
5924,11,41.85,2,32,19,N,5,8,3,3.8,6,2
5925,11,47.45,1,61,23,F,5,5,6,4.31,9,0.8
5926,9,44.45,2,61,23,M,5,6,3,4.94,14.75,2.45
5927,7,45.5,2,30,16,N,5,5,2,6.5,12,3.5
5928,18,81.04,6,20,3,N,5,2,16,4.5,8.5,1.6
5929,14,63.6,5,57,21,F,5,5,9,4.54,9,1.6
5930,7,33.85,1,28,6,F,5,3,4,4.84,8,3.5
5931,11,45.45,1,29,16,N,5,7,4,4.13,7.5,2.2
5932,10,45.75,2,64,25,F,5,4,6,4.58,7.5,2.5
5933,12,68.25,2,45,15,M,5,8,4,5.69,22.5,0.8
5934,9,52.75,1,21,2,F,5,7,2,5.86,9,3
5935,13,38.55,2,21,5,N,5,6,7,2.97,5,0.8
5936,3,12.45,5,33,8,M,5,2,1,4.15,5,2.45
5938,6,29.65,2,48,17,F,5,3,3,4.94,9,3
5939,5,20.15,3,22,6,N,5,4,1,4.03,5,2.5
5940,7,36.8,2,18,0,F,5,7,0,5.26,7.5,2.55
5941,12,44.85,5,53,19,M,5,4,8,3.74,8.5,0.8
5942,6,32.75,17,23,7,N,5,5,1,5.46,8,3.5
5943,5,27.7,1,35,23,N,5,2,3,5.54,9,2.2
5944,15,79.85,2,29,6,F,5,9,6,5.32,10.95,2.2
5945,4,20.4,1,28,6,F,5,2,2,5.1,9,2
8000,5,22,5,46,15,F,5,0,5,4.4,7,3
8001,12,57.5,3,21,26,N,8,7,5,4.79,7.5,2.5
8002,18,71.85,1,23,18,N,8,7,11,3.99,6,1.6
8003,20,117.15,4,28,27,F,8,8,12,5.86,45,0.8
8004,8,37.5,7,47,22,M,8,1,7,4.69,8.95,0.8
8005,10,42.3,7,49,16,F,8,2,7,4.23,7.5,2.45
8006,16,98.05,7,26,2,F,8,11,4,6.13,45,2
8007,15,61.75,3,53,18,M,8,5,10,4.12,7.5,2.5
8008,17,62.35,5,26,10,F,8,11,6,3.67,7,1.6
8009,28,107.4,1,26,10,N,8,6,22,3.84,8,0.8
8010,14,69.15,3,57,15,M,8,11,3,4.94,9.5,2
8011,19,75.55,3,33,5,F,8,7,12,3.98,8.5,0.8
8012,7,21.5,1,68,22,F,8,3,4,3.07,4.5,2
8013,21,90.15,2,61,16,F,8,11,10,4.29,7.5,1.6
8014,12,65.65,2,25,3,N,8,3,9,5.47,9,2
8015,13,59.2,7,67,11,F,8,8,5,4.55,9,2.45
8016,13,48.8,5,27,19,N,8,7,6,3.75,7,2.2
8017,13,74.4,6,21,13,N,8,8,5,5.72,15,2.5
8018,11,46.25,7,30,13,M,8,3,8,4.2,7.5,2.2
8019,25,116.95,4,28,11,F,8,10,15,4.68,9.5,1.6
8020,10,59.75,3,52,26,F,8,7,3,5.98,22.5,2
8021,14,65.9,7,46,21,F,8,9,5,4.71,12,2.5
8022,21,98.6,9,51,27,M,8,9,12,4.7,8.5,0.8
8023,12,56.25,1,26,20,M,8,7,5,4.69,9,2.5
8024,13,59.5,1,20,15,N,8,6,7,4.58,8,2.5
8025,25,102.05,4,40,24,F,8,14,11,4.08,8.5,1.6
8026,11,46.05,1,56,5,M,8,9,2,4.19,6.2,2.5
8027,12,51.8,2,25,24,N,8,6,6,4.32,7,2.5
8028,7,31.1,3,23,12,N,8,4,3,4.44,7.5,2.45
8029,13,59.2,1,37,14,M,8,6,7,4.55,9,2
8030,15,65.6,1,25,8,F,8,8,6,4.37,8.5,2.1
8031,12,45.75,5,45,9,M,8,7,5,3.81,8,2
8032,15,84.5,2,59,18,M,8,7,8,5.63,22.5,2.2
8033,19,96.5,4,24,7,N,8,7,12,5.08,18,1.6
8034,19,63,3,44,8,M,8,8,11,3.32,8.5,0.8
8035,13,57.45,19,24,10,N,8,7,6,4.42,9,2.2
8036,28,119.5,1,27,4,N,8,16,11,4.27,19.75,1.6
8037,19,84.15,8,51,11,F,8,13,6,4.43,7.5,2.1
8038,5,16.5,17,48,19,M,8,1,4,3.3,3.75,2.5
8039,20,97.5,1,55,22,M,8,12,8,4.88,9.5,2.2
8040,12,49.35,11,35,11,M,8,6,6,4.11,8.5,0.8
8041,23,95.9,1,56,2,F,8,9,14,4.17,7.5,2
8042,21,108.2,1,23,21,M,8,10,11,5.15,9.5,2.2
8043,20,88.85,1,36,19,F,8,10,10,4.44,9.5,2
8044,14,68.25,2,65,11,M,8,5,9,4.88,7.5,2.5
8045,17,77.1,7,22,11,M,8,12,5,4.54,9.5,1.6
8046,9,49.5,5,54,10,F,8,6,3,5.5,9,3
8047,6,24.4,4,45,21,F,8,1,5,4.07,5,3
8048,20,159.95,1,22,8,N,8,11,9,8,45,2.2
8049,14,66.25,8,24,18,N,8,8,6,4.73,8,2.5
8050,15,80.35,4,57,15,F,8,7,8,5.36,10,0.8
8051,9,31.5,1,33,15,M,8,4,5,3.5,6,0.8
8052,16,73.8,1,22,15,N,8,11,5,4.61,9,0.8
8053,13,50.6,11,37,6,M,8,8,5,3.89,6,2.5
8054,19,77.75,3,51,5,M,8,12,7,4.09,7.5,0.8
8055,12,37.15,3,33,12,F,8,6,6,3.1,5.1,1.6
8056,18,87.43,3,55,10,F,8,8,10,4.86,13.33,0.8
8057,16,58.9,3,59,26,M,8,10,6,3.68,8.5,1.6
8058,18,80.9,1,27,3,N,8,6,12,4.49,14,0.8
8059,27,102,2,54,5,M,8,11,16,3.78,9.5,2
8060,17,74.95,2,25,27,F,8,8,9,4.41,8,1.6
8061,18,76.35,6,34,6,M,8,9,9,4.24,8.5,0.8
8062,13,55.55,18,55,16,F,8,8,5,4.27,9,2
8063,10,39.1,7,63,26,F,8,7,3,3.91,7,2
8064,16,77.05,6,29,6,M,8,5,11,4.82,14,2.2
8065,10,34.9,4,23,11,M,8,6,4,3.49,4.5,2.5
8066,23,84.8,8,27,22,F,8,16,7,3.69,6,2
8067,12,46.5,4,22,9,M,8,6,6,3.88,8,2.5
8068,12,56.95,8,27,20,N,8,5,7,4.75,7,1.6
8069,20,91.35,5,51,7,F,8,12,8,4.57,9.5,0.8
8070,16,66.75,7,39,25,M,8,9,7,4.17,7,2
8071,26,120,11,67,7,F,8,14,12,4.62,18,0.8
8072,26,108.55,1,46,18,F,8,10,13,4.18,8.5,0.8
8073,15,64.75,7,59,10,M,8,3,12,4.32,9.5,1.6
8074,15,73.25,13,29,4,N,8,13,2,4.88,8.95,2.5
8075,14,73.6,4,31,7,F,8,5,9,5.26,14,2
8076,16,72.25,5,50,13,M,8,5,11,4.52,9,0.8
8077,13,60.25,1,45,25,F,8,6,7,4.63,6,2.5
8078,12,52.7,3,41,21,M,8,8,4,4.39,6,1.6
8079,18,90.85,4,33,22,M,8,6,12,5.05,9,2.5
8080,22,105.75,2,39,7,F,8,11,10,4.81,14,0.8
8081,16,69.75,2,38,22,F,8,10,6,4.36,8.95,2.2
8082,13,50.9,1,38,20,M,8,8,5,3.92,6,2
8083,12,50.55,6,29,20,F,8,9,3,4.21,8.5,0.8
8084,4,14.1,12,55,3,M,8,2,2,3.53,6,2
8085,11,41.2,11,29,21,N,8,6,5,3.75,6,0.8
8086,20,83.85,2,35,13,M,8,9,11,4.19,9.5,0.8
8087,12,51.75,16,57,6,F,8,7,5,4.31,7.5,2.5
8088,14,54.45,1,68,5,M,8,4,10,3.89,7.5,1.6
8089,11,44.25,2,19,13,N,8,7,4,4.02,7.5,0.8
8090,11,41.4,3,62,24,F,8,4,7,3.76,7.5,0.8
8091,13,56.5,3,20,8,F,8,9,4,4.35,7.5,0.8
8092,16,70.75,1,27,15,F,8,9,7,4.42,7.5,0.8
8093,13,48.6,4,30,11,M,8,8,5,3.74,7.5,0.8
8094,13,52.1,7,26,14,N,8,5,8,4.01,9.5,1.6
8095,6,23.05,6,41,17,F,8,3,3,3.84,6,2.55
8096,22,91,3,27,1,N,8,12,10,4.14,8.95,0.8
8097,14,57,1,42,1,F,8,10,4,4.07,7.5,2.5
8098,13,51.2,4,50,16,F,8,9,4,3.94,9,2.2
8099,19,129.35,2,60,13,F,8,13,6,6.81,22.5,2.5
8100,15,66.5,3,51,3,F,8,7,8,4.43,6.2,2.5
8101,27,119.15,1,44,4,F,8,9,18,4.41,9.5,1.6
8102,13,47.2,5,31,2,F,8,5,8,3.63,6.2,2
8103,6,23.2,21,59,18,M,8,4,2,3.87,6,2
8104,15,70.3,5,26,21,N,8,11,4,4.69,9.5,2
8105,14,67.85,3,24,20,M,8,7,7,4.85,9.5,1.6
8106,17,111.9,5,35,22,F,8,9,8,6.58,28,2.5
8107,12,52.8,1,23,7,N,8,7,5,4.4,7.5,2.1
8108,11,41.25,7,37,19,M,8,2,9,3.75,6.2,0.8
8109,21,114.45,4,58,12,M,8,14,7,5.45,20.45,2.45
8110,13,56.6,2,68,24,M,8,4,9,4.35,7,2.2
8111,15,63.65,2,57,15,M,8,9,6,4.24,9.5,2.5
8112,10,39.2,1,30,15,N,8,8,2,3.92,7,2.2
8113,20,84.3,4,21,27,M,8,15,5,4.22,9,2.1
8114,16,86.95,3,18,1,F,8,8,8,5.43,9.5,2.5
8115,9,38.7,7,45,27,F,8,5,4,4.3,8.95,2
8116,7,25.75,3,51,19,F,8,1,6,3.68,6,2
8117,15,58.4,4,34,22,F,8,8,7,3.89,8.5,0.8
8118,28,128.95,2,60,25,M,8,13,15,4.61,22.5,2
8119,11,47,7,49,12,F,8,7,4,4.27,9.5,3
8120,11,45,1,29,18,F,8,7,4,4.09,7,0.8
8121,20,88,1,22,13,M,8,9,9,4.4,8,0.8
8122,12,78,5,21,27,F,8,7,5,6.5,18,3
8123,9,35.65,6,46,10,F,8,5,4,3.96,7.5,0.8
8124,17,111.25,3,34,6,F,8,10,7,6.54,28,2.5
8125,11,56.3,10,45,14,F,8,2,9,5.12,8.5,2.2
8126,9,38.9,3,58,22,M,8,4,5,4.32,6,2.5
8127,9,38.3,5,38,26,M,8,6,3,4.26,8,2.5
8128,23,75.1,1,25,7,N,8,13,10,3.27,5,1.6
8129,16,78.45,4,66,14,F,8,10,6,4.9,7.5,2.5
8130,12,60.7,11,37,23,M,8,3,7,5.06,10.95,2.5
8131,18,86.85,3,47,23,M,8,10,8,4.83,18,2.5
8132,10,32.8,4,58,20,M,8,4,6,3.28,8.5,1.6
8133,12,47.9,6,18,19,F,8,6,6,3.99,9.5,0.8
8134,17,84.55,6,24,20,F,8,10,7,4.97,12,1.6
8135,11,46.8,5,41,4,F,8,6,5,4.25,7,1.6
8136,11,54,5,25,16,F,8,4,7,4.91,9.5,2
8137,12,48.95,6,62,2,M,8,3,9,4.08,6.4,2.45
8138,22,142.6,5,23,23,N,8,12,10,6.48,21,1.6
8139,16,69.45,6,62,24,M,8,5,11,4.34,7.5,2.2
8140,15,66.65,4,54,18,M,8,10,5,4.44,9,2.45
8141,11,68.3,3,29,6,N,8,3,8,6.21,9.5,3.1
8142,17,84.45,4,51,17,F,8,9,8,4.97,8.95,2.5
8143,10,51.75,8,27,13,N,8,4,6,5.18,7,3
8144,24,165.65,6,43,14,F,8,11,13,6.9,21,0.8
8145,20,81.05,4,67,8,M,8,9,10,4.05,7.5,0.8
8146,22,94.85,2,20,17,N,8,8,14,4.31,8.5,1.6
8147,25,123.9,2,23,12,N,8,13,12,4.96,20.45,0.8
8148,18,81.5,1,21,22,F,8,14,4,4.53,9.5,0.8
8149,11,43.55,2,23,8,N,8,6,5,3.96,7.5,2.1
8150,13,75.05,3,32,18,F,8,6,7,5.77,15,1.6
8151,13,48.95,4,55,17,M,8,8,5,3.77,6,2.5
8152,21,100.5,2,47,18,F,8,8,13,4.79,10.95,0.8
8153,9,38.85,1,54,16,F,8,4,5,4.32,8.95,2.5
8154,18,89,3,26,6,N,8,15,3,4.94,9.5,0.8
8155,10,57.3,1,32,27,F,8,4,6,5.73,18,3.5
8156,12,65.8,6,29,22,N,8,6,6,5.48,9.5,1.6
8157,22,103.6,3,29,12,M,8,8,14,4.71,9.5,0.8
8158,28,109.9,2,31,7,F,8,18,10,3.93,8.95,0.8
8159,20,98.35,1,64,7,F,8,12,8,4.92,8.5,2.45
8160,13,51.95,2,19,10,N,8,6,7,4,7.5,2.45
8161,21,91.55,1,23,20,N,8,9,12,4.36,9.5,0.8
8162,13,45.25,7,36,4,M,8,9,4,3.48,5,2.5
8163,12,59.9,2,25,22,N,8,5,7,4.99,9,2.5
8164,20,90.8,2,41,1,M,8,12,8,4.54,9.5,2
8165,20,87.3,3,24,18,F,8,5,15,4.37,10,2
8166,17,66.95,2,27,10,M,8,6,11,3.94,7,1.6
8167,23,98.4,1,66,13,M,8,9,14,4.28,7.5,0.8
8168,6,32.8,21,40,23,M,8,4,2,5.47,7.5,0.8
8169,19,85.25,6,38,20,F,8,11,8,4.49,7,2.5
8170,14,65.4,4,68,14,F,8,6,8,4.67,18,0.8
8171,8,34.85,6,26,8,F,8,5,3,4.36,6,1.6
8172,15,63.5,2,52,5,F,8,4,11,4.23,7.5,2.5
8173,20,103.6,9,19,7,F,8,10,10,5.18,9.5,0.8
8174,15,63.75,1,61,17,F,8,5,10,4.25,9.5,2.5
8175,10,78.35,1,54,4,F,8,3,7,7.84,21,2.5
8176,17,79.8,1,61,27,M,8,7,8,4.69,9.5,2.5
8177,19,81.2,5,66,0,M,8,8,11,4.27,6,2
8178,14,59.1,2,20,27,F,8,11,3,4.22,6,2.2
8179,17,71.6,1,62,11,M,8,6,11,4.21,8,0.8
8180,23,97.1,2,59,17,M,8,13,10,4.22,8,2.2
8181,14,62,4,24,22,N,8,8,6,4.43,8.5,0.8
8182,16,71.55,5,26,7,M,8,11,5,4.47,9.5,2.2
8183,15,59.9,2,47,10,F,8,7,8,3.99,8.5,1.6
8184,17,73.25,2,28,11,M,8,11,6,4.31,9,1.6
8185,21,102,1,21,8,N,8,11,10,4.86,19.75,1.6
8186,16,67.75,11,36,4,M,8,5,11,4.23,9.25,2.5
8187,15,66.1,2,50,21,F,8,9,6,4.41,8,2
8188,17,82.85,5,55,13,F,8,10,7,4.87,18,0.8
8189,15,77.9,8,42,17,F,8,10,5,5.19,8.95,2.2
8190,16,75.15,5,55,22,F,8,4,12,4.7,9,2.2
8191,19,92.7,2,33,12,M,8,11,8,4.88,8.95,2
8192,19,117.9,1,56,15,M,8,10,9,6.21,22.5,1.6
8193,14,58.5,2,54,10,M,8,7,7,4.18,7,2
8194,8,37.1,2,48,24,F,8,7,1,4.64,9.5,3
8195,19,72,1,25,11,M,8,9,10,3.79,7,2.2
8196,23,88,1,19,15,N,8,13,9,3.83,9,1.6
8197,16,88.35,3,23,19,M,8,5,11,5.52,18,2.5
8198,3,18,12,66,5,M,8,1,2,6,7,5
8199,10,45.4,10,23,1,N,8,5,5,4.54,7.5,1.6
8200,17,69.6,5,31,2,F,8,11,6,4.09,6,2
8201,16,79.5,1,59,25,M,8,4,11,4.97,8.95,1.6
8202,13,62.75,4,68,5,M,8,5,8,4.83,8.5,0.8
8203,5,21.6,9,18,2,N,8,4,1,4.32,9.5,1.6
8204,9,45.95,4,24,9,N,8,5,4,5.11,9,0.8
8205,13,57.2,1,19,20,F,8,5,8,4.4,9,2.55
8206,20,95.05,10,32,14,F,8,9,11,4.75,21,0.8
8207,9,42.3,2,31,10,M,8,5,4,4.7,7.5,2.5
8208,20,84.2,3,23,8,N,8,13,7,4.21,8.5,1.6
8209,12,62.9,6,38,9,F,8,5,7,5.24,9.5,3
8210,18,76.25,14,31,15,M,8,9,9,4.24,9,1.6
8211,13,55.15,5,48,15,M,8,6,7,4.24,9,2
8212,16,77.35,3,28,11,M,8,11,5,4.83,15,2.1
8213,17,81.9,3,30,0,M,8,8,9,4.82,15,2.45
8214,16,62.95,8,63,19,F,8,11,5,3.93,9,2
8215,10,38,5,60,12,M,8,8,2,3.8,6,2.5
8216,11,41.3,1,19,2,F,8,4,7,3.75,6,2.5
8217,13,61.55,7,59,10,M,8,3,10,4.73,7.5,1.6
8218,20,76.85,4,51,25,F,8,14,6,3.84,7,0.8
8219,19,73.05,4,62,6,F,8,14,5,3.84,9,0.8
8220,22,79.15,1,59,19,F,8,5,16,3.6,7.5,0.8
8221,16,67.1,3,35,20,F,8,7,9,4.19,6,2.1
8222,20,84.75,4,66,4,F,8,9,11,4.24,8,0.8
8223,15,79.9,3,48,25,M,8,8,7,5.33,18,2.5
8224,19,84.35,6,67,16,M,8,7,12,4.44,8.95,2.5
8225,22,111.65,3,43,10,F,8,14,8,5.08,14.75,0.8
8226,23,108.7,3,66,12,M,8,6,17,4.73,7.5,2
8227,15,110.35,3,67,0,M,8,10,5,7.36,45,2.1
8228,20,80.65,1,44,27,M,8,11,9,4.03,8.5,2
8229,17,85.95,2,27,17,N,8,9,8,5.06,9,2.5
8230,12,54.2,5,29,2,N,8,8,4,4.52,7,2.5
8231,13,73.6,1,25,8,N,8,7,6,5.66,9.5,2.5
8232,8,31.1,3,45,15,M,8,4,4,3.89,9.5,2
8233,8,32.5,2,24,18,N,8,4,4,4.06,7,2
8234,11,59.75,6,18,1,N,8,8,3,5.43,9,2.5
8235,8,53.25,6,60,20,F,8,2,6,6.66,19.75,3
8236,17,74.15,5,47,11,M,8,6,11,4.36,9,2.5
8237,8,40.3,6,20,22,F,8,4,4,5.04,7.5,2.55
8238,8,31.1,4,26,1,M,8,3,5,3.89,6,2.5
8239,11,49.85,1,22,12,N,8,6,5,4.53,8.5,2.5
8240,10,38.7,7,64,13,F,8,4,6,3.87,6,2
8241,18,75.55,6,19,24,F,8,12,6,4.2,9.5,1.6
8242,23,103.6,4,31,8,M,8,9,14,4.5,18,0.8
8243,13,59.6,4,57,11,F,8,7,6,4.58,8.5,1.6
8244,14,57.3,4,60,23,M,8,5,9,4.09,8.5,2
8245,19,102.8,1,22,15,N,8,9,9,5.41,22.5,2.5
8246,14,53.75,5,47,25,F,8,8,6,3.84,7.5,1.6
8247,12,59.35,8,64,14,F,8,5,7,4.95,7.5,2.5
8248,15,82.3,5,25,17,N,8,6,9,5.49,9.5,1.6
8249,16,68.3,1,61,2,F,8,4,12,4.27,7.5,0.8
8250,13,59.8,3,64,19,M,8,3,10,4.6,9,0.8
8251,26,102,2,43,18,F,8,11,15,3.92,8.5,1.6
8252,24,103.6,6,60,19,M,8,12,12,4.32,10.95,0.8
8253,9,35.5,4,40,12,M,8,5,4,3.94,6,2.5
8254,17,81.95,2,52,27,F,8,10,7,4.82,9.25,0.8
8255,19,88.5,4,22,11,N,8,8,11,4.66,8.5,0.8
8256,20,95.05,5,22,8,M,8,8,12,4.75,9,0.8
8257,16,92.15,2,37,10,M,8,6,10,5.76,19.75,1.6
8258,13,67.55,5,37,23,M,8,5,8,5.2,9,2.5
8259,15,67.2,16,20,2,F,8,7,6,4.48,7.5,0.8
8260,23,89.95,1,34,14,M,8,7,15,3.91,8.5,1.6
8261,20,87.35,3,66,18,M,8,12,8,4.37,8.95,2.2
8262,19,99.55,1,38,27,M,8,10,9,5.24,21,2.45
8263,16,71.55,2,31,11,F,8,8,8,4.47,9,0.8
8264,13,55.65,2,30,15,F,8,10,3,4.28,7.5,0.8
8265,13,54.35,3,44,0,F,8,7,6,4.18,7,1.6
8266,20,92.8,3,66,14,M,8,6,14,4.64,9.5,0.8
8267,17,124.85,3,34,7,M,8,8,9,7.34,45,2.45
8268,16,76.55,1,39,7,F,8,9,7,4.78,9.5,1.6
8269,20,91.55,2,57,17,F,8,11,9,4.58,10,2
8270,10,43.25,4,23,22,M,8,8,2,4.33,6,3
8271,15,76.4,4,31,26,M,8,10,5,5.09,8.95,1.6
8272,22,97.3,1,28,4,N,8,15,7,4.42,10,0.8
8273,11,51.5,8,45,16,F,8,5,6,4.68,7,2.5
8274,13,59,2,62,7,F,8,5,8,4.54,7.5,2.5
8275,14,68.15,4,21,18,F,8,7,7,4.87,8.95,2.5
8276,14,75.8,3,23,25,N,8,10,4,5.41,9.5,1.6
8277,9,40.35,3,23,24,F,8,4,5,4.48,8,2.5
8278,17,69.85,2,45,23,M,8,6,11,4.11,8,2
8279,20,99.1,4,20,9,N,8,12,8,4.96,9.5,2
8280,14,74,1,21,18,N,8,9,5,5.29,9.5,0.8
8281,20,82.65,1,65,5,F,8,16,4,4.13,7.5,1.6
8282,22,107.4,2,19,21,N,8,8,14,4.88,8.5,1.6
8283,12,75.9,1,22,24,M,8,6,6,6.33,20.45,3
8284,12,42.95,9,48,8,M,8,9,3,3.58,8.5,0.8
8285,31,164.05,1,28,6,N,8,19,12,5.29,19.75,0.8
8286,13,74.25,6,26,23,N,8,5,8,5.71,18,2.5
8287,10,51.35,6,51,20,M,8,3,7,5.14,9.5,2.5
8288,14,71.5,1,55,15,M,8,9,5,5.11,18,2
8289,18,120.5,2,20,10,M,8,11,7,6.69,45,2
8290,13,71.75,4,30,22,M,8,4,9,5.52,9.5,2.5
8291,14,62.45,5,24,24,F,8,6,8,4.46,7.5,2.55
8292,13,55.3,4,38,4,M,8,5,8,4.25,9,2.2
8293,5,20.25,4,60,7,M,8,4,1,4.05,5,2.5
8294,14,69.85,3,26,27,F,8,10,4,4.99,8.5,2.45
8295,12,64.6,4,57,22,F,8,2,10,5.38,20.45,2.2
8296,17,75.6,8,19,23,M,8,8,9,4.45,8,2
8297,25,136.15,1,44,17,F,8,13,12,5.45,8.5,3
8298,10,63,2,40,12,F,8,4,6,6.3,19.75,2.5
8299,8,34.6,10,43,6,F,8,6,2,4.33,8,1.6
8300,17,86.55,2,32,0,F,8,11,6,5.09,9,2.5
8301,19,108.35,1,35,16,M,8,12,7,5.7,18,1.6
8302,7,26,1,60,2,F,8,2,5,3.71,6,2
8303,14,55.2,8,38,25,M,8,6,8,3.94,8,0.8
8304,11,57.25,15,22,9,F,8,5,6,5.2,9.5,2.5
8305,12,52.5,1,25,6,M,8,5,7,4.38,8,2.5
8306,16,69.2,4,20,25,N,8,8,8,4.33,9,0.8
8307,18,80.15,4,68,3,F,8,8,9,4.45,7.5,2.55
8308,7,27.5,1,56,22,M,8,6,1,3.93,5,2.5
8309,10,42.6,1,63,4,M,8,2,7,4.26,7,2.5
8310,19,117.65,4,34,18,M,8,13,6,6.19,45,2.2
8311,24,459.75,1,51,25,F,8,16,7,19.16,360,2
8312,15,69.4,1,60,17,M,8,7,8,4.63,18,2.5
8313,16,70.8,5,23,5,N,8,8,8,4.43,6,2.5
8314,14,57.6,3,19,20,N,8,8,6,4.11,9.5,2
8315,10,39.1,4,60,7,M,8,2,8,3.91,7,1.6
8316,14,103,4,18,22,F,8,7,7,7.36,22.5,3
8317,10,52.25,2,19,4,F,8,7,3,5.23,9,2.5
8318,21,77.9,1,61,4,M,8,7,14,3.71,7.5,0.8
8319,17,88.03,1,53,13,M,8,7,10,5.18,13.33,1.6
8320,12,46.25,5,23,14,N,8,8,4,3.85,8,0.8
8321,15,62.9,2,39,24,F,8,6,9,4.19,8,2.5
8322,26,107.05,1,49,1,F,8,14,12,4.12,7.5,0.8
8323,18,103.8,10,29,23,F,8,9,9,5.77,21,2
8324,16,67.55,2,52,3,F,8,9,7,4.22,7.5,0.8
8325,8,35.25,24,50,27,F,8,2,6,4.41,9,2.5
8326,13,49.85,2,20,27,N,8,5,8,3.83,6,2
8327,21,90.3,5,31,3,F,8,8,13,4.3,7.5,2.5
8328,16,73.6,2,20,3,F,8,9,7,4.6,8.95,2.45
8329,13,59.8,5,64,2,F,8,7,6,4.6,7,2.5
8330,13,49.8,5,58,22,M,8,7,6,3.83,6,2
8331,10,45.45,4,41,8,M,8,6,4,4.55,8.5,2.2
8332,8,27.25,2,33,2,M,8,4,4,3.41,6,2.5
8333,12,57.2,1,44,2,M,8,4,8,4.77,8.95,2.5
8334,16,69.1,6,63,13,M,8,6,9,4.32,7.5,2.5
8335,17,98.4,3,53,14,M,8,6,11,5.79,18,2.2
8336,20,75.2,1,28,17,N,8,11,9,3.76,5.1,2.45
8337,13,46.95,4,42,7,F,8,6,7,3.61,6,2.2
8338,14,66.35,1,18,2,F,8,6,8,4.74,8.5,2
8339,15,76.35,5,28,12,N,8,1,14,5.09,12,3
8340,17,82.9,1,19,23,N,8,6,11,4.88,9,2.5
8341,29,155.3,3,46,22,M,8,14,15,5.36,20.45,1.6
8342,13,54.8,2,43,17,M,8,8,5,4.22,6.5,2.5
8343,11,47.85,6,26,3,N,8,8,3,4.35,7.5,2.2
8344,19,75.3,1,31,15,N,8,6,13,3.96,9,2
8345,23,103.55,2,30,27,F,8,10,13,4.5,9.5,0.8
8346,18,79.65,2,42,22,F,8,7,11,4.43,9,1.6
8347,18,88.9,12,63,18,F,8,8,10,4.94,10,2
8348,20,90,1,55,22,M,8,10,10,4.5,9,0.8
8349,20,83.4,6,18,3,F,8,7,13,4.17,12,0.8
8350,14,68.2,5,61,17,M,8,8,6,4.87,9,0.8
8351,19,101.65,5,58,15,F,8,11,8,5.35,19.75,0.8
8352,17,66.65,3,35,16,M,8,13,4,3.92,7,2
8353,20,105.05,2,24,26,N,8,10,10,5.25,20.45,0.8
8354,6,26.1,5,58,25,F,8,2,4,4.35,6,3.1
8355,13,67.95,7,44,26,M,8,2,11,5.23,14,2.2
8356,12,54.15,10,50,9,M,8,6,6,4.51,6,3
8357,16,59.4,3,46,3,M,8,7,9,3.71,7,0.8
8358,11,45.15,3,25,6,F,8,7,4,4.1,9,2.2
8359,18,82.5,1,39,20,F,8,12,6,4.58,9.5,2.2
8360,15,55.8,5,51,6,F,8,7,8,3.72,7.5,0.8
8361,18,80.7,8,26,4,F,8,9,9,4.48,8.95,1.6
8362,10,54,2,53,3,M,8,8,2,5.4,22.5,0.8
8363,14,67.8,3,45,1,F,8,5,9,4.84,8,2.5
8364,26,124.7,7,54,18,M,8,14,12,4.8,7.5,2
8365,19,130.35,1,47,10,M,8,10,9,6.86,45,2.2
8366,10,44.6,1,45,21,F,8,6,4,4.46,8.5,2.5
8367,11,51.1,5,31,8,M,8,6,5,4.65,9.5,3
8368,19,93.45,6,31,17,F,8,11,7,4.92,8,1.6
8369,16,69.2,7,29,11,F,8,6,10,4.33,7.5,0.8
8370,24,106.7,8,49,7,F,8,12,12,4.45,7.5,1.6
8371,12,50.8,1,57,21,F,8,5,7,4.23,8.5,2.45
8372,13,59.55,3,21,27,M,8,9,4,4.58,8.5,2.2
8373,21,94.35,2,26,4,M,8,15,6,4.49,9.5,2.1
8374,16,66.95,2,30,6,M,8,5,11,4.18,7.5,2.1
8375,27,125.6,2,19,11,N,8,8,19,4.65,14.75,0.8
8376,13,58.8,1,23,21,F,8,8,5,4.52,9.5,1.6
8377,18,75,12,22,25,N,8,9,9,4.17,8.95,2
8378,21,84.3,4,21,24,M,8,13,8,4.01,8.5,1.6
8379,16,76.68,1,27,11,N,8,4,12,4.79,13.33,1.6
8380,15,65.45,2,66,14,F,8,5,9,4.36,8,2
8381,17,77.7,4,26,1,N,8,10,6,4.57,9,1.6
8382,24,115.7,2,42,19,F,8,11,13,4.82,9.5,2
8383,17,73.9,4,33,14,F,8,7,10,4.35,8.5,1.6
8384,27,129.6,1,27,14,F,8,9,18,4.8,9.5,2
8385,14,66.35,1,52,18,F,8,7,7,4.74,7.5,1.6
8386,21,101.2,2,65,4,M,8,14,7,4.82,15,2
8387,15,61.4,1,22,16,M,8,8,7,4.09,6.2,2.1
8388,15,76.05,2,22,1,N,8,3,12,5.07,9.5,2.2
8389,14,58.45,3,18,18,N,8,5,9,4.18,8,2.2
8390,15,62.2,13,22,3,N,8,6,9,4.15,8,2.2
8391,8,42.05,3,22,21,N,8,5,3,5.26,9,1.6
8392,15,70.1,4,25,23,F,8,4,11,4.67,9,2.1
8393,14,61.2,1,30,21,F,8,6,8,4.37,9,1.6
8394,15,81.45,2,28,24,M,8,8,7,5.43,9.5,2.5
8395,27,114.7,2,19,8,N,8,14,13,4.25,8,1.6
8396,20,85.8,5,49,3,F,8,7,9,4.29,8.5,0.8
8397,24,115.6,2,47,5,F,8,10,14,4.82,9,2.5
8398,8,32.4,7,27,27,F,8,5,3,4.05,6,2.5
8399,14,54.65,1,59,8,M,8,9,5,3.9,8.5,0.8
8400,17,62,3,38,22,F,8,11,6,3.65,8.5,0.8
8401,13,45.95,1,64,0,M,8,9,4,3.53,6,2
8402,7,33.35,11,19,4,F,8,4,3,4.76,6,3.1
8403,16,72.8,1,41,7,M,8,7,9,4.55,7.5,2.5
8404,13,57.25,7,51,4,F,8,9,4,4.4,7.5,2.5
8405,13,62.85,7,49,15,F,8,9,4,4.83,9.5,1.6
8406,20,93.35,6,53,27,M,8,8,12,4.67,9,1.6
8407,16,72.7,2,38,6,F,8,9,6,4.54,7,2.5
8408,11,54.6,3,51,15,F,8,6,5,4.96,8.5,2.2
8409,13,54.25,12,28,23,F,8,9,4,4.17,7.5,2.5
8410,25,141.85,1,56,7,F,8,18,7,5.67,19.75,0.8
8411,19,91.5,3,53,19,F,8,12,6,4.82,18,2.2
8412,16,70,1,65,3,M,8,8,8,4.38,7,2.2
8413,18,80.85,3,24,5,N,8,9,9,4.49,15,2
8414,20,96.45,9,65,10,F,8,7,13,4.82,8.5,1.6
8415,16,60.6,7,21,2,M,8,8,8,3.79,9.5,0.8
8416,8,36.2,17,30,15,F,8,1,7,4.53,7.5,0.8
8417,17,74.65,2,33,19,M,8,10,7,4.39,8,2.5
8418,13,69,6,29,17,M,8,7,6,5.31,7.5,2.5
8419,14,65.6,1,20,2,M,8,6,8,4.69,7.5,1.6
8420,16,82.7,1,56,10,M,8,8,8,5.17,15,2
8421,9,31.85,2,62,16,M,8,3,6,3.54,7.5,2.1
8422,12,69,4,22,6,F,8,11,1,5.75,18,2.5
8423,22,105.55,4,21,20,N,8,8,14,4.8,12,1.6
8424,15,58.1,4,63,14,M,8,8,7,3.87,6,0.8
8425,14,75.8,5,26,17,N,8,8,6,5.41,20.45,2.2
8426,11,40.95,8,59,13,F,8,8,2,3.72,5,2.5
8427,18,73.25,7,64,5,M,8,12,6,4.07,7.5,2.5
8428,23,104.8,3,55,2,M,8,13,10,4.56,10,0.8
8429,18,75.05,1,26,10,M,8,8,10,4.17,7,2.1
8430,13,61.9,1,28,18,M,8,8,5,4.76,7.5,2.55
8431,10,46.25,1,52,24,M,8,3,7,4.63,6.4,2.5
8432,12,45,6,22,3,N,8,3,9,3.75,6.2,2
8433,8,36.7,12,30,12,F,8,5,3,4.59,8.95,2.5
8434,13,58.95,2,45,16,F,8,5,8,4.53,9.25,2
8435,15,71.65,7,26,2,F,8,11,4,4.78,9,2.2
8436,16,72.65,6,29,1,F,8,10,6,4.54,7.5,2.5
8437,17,66.05,3,67,3,F,8,8,9,3.89,8.5,0.8
8438,17,82.5,5,34,26,F,8,12,5,4.85,14.75,0.8
8439,13,54.25,1,45,23,M,8,7,6,4.17,7,2
8440,22,91.13,1,61,14,F,8,5,14,4.14,13.33,1.6
8441,20,94.75,1,63,14,F,8,10,10,4.74,19.75,1.6
8442,13,42.25,3,30,27,M,8,7,6,3.25,6,2
8443,17,86.55,3,55,4,F,8,10,7,5.09,9.5,2.5
8444,16,84.85,3,18,17,M,8,9,7,5.3,15,3
8445,17,83.6,3,26,12,N,8,11,6,4.92,8.5,0.8
8446,27,123.9,3,27,6,M,8,11,16,4.59,8.95,2
8447,16,69.65,2,19,23,M,8,7,9,4.35,8.5,1.6
8448,14,49.15,7,20,6,N,8,10,4,3.51,6,2.2
8449,11,46.15,3,26,17,F,8,3,8,4.2,6,2
8450,16,66.5,1,37,23,F,8,9,7,4.16,8.5,0.8
8451,15,57.95,5,22,14,N,8,4,11,3.86,8.5,2
8452,11,46.55,7,60,3,F,8,7,4,4.23,9.5,2.5
8453,18,94.45,6,18,2,F,8,10,8,5.25,8.5,2.55
8454,10,40.5,7,55,1,F,8,6,4,4.05,9,2.5
8455,17,71.25,3,21,19,N,8,13,4,4.19,8.95,2.1
8456,10,46.5,3,56,12,M,8,3,7,4.65,8.5,2.5
8457,17,73.1,1,63,20,F,8,8,9,4.3,8.5,0.8
8458,15,76.15,5,59,11,F,8,6,9,5.08,7.5,2.5
8459,19,126.75,5,20,12,F,8,6,13,6.67,21,1.6
8460,13,67,1,26,18,N,8,2,11,5.15,10,2.5
8461,21,83.3,3,63,9,M,8,8,13,3.97,9,0.8
8462,14,66.1,2,62,12,M,8,7,6,4.72,8.95,2.5
8463,19,85.1,1,38,12,F,8,4,15,4.48,8.5,0.8
8464,10,46.7,6,65,11,M,8,7,3,4.67,9.5,2
8465,13,51.75,2,28,3,N,8,5,8,3.98,7,2.45
8466,15,58.15,4,67,3,F,8,11,4,3.88,8.95,1.6
8467,11,52.8,2,58,23,M,8,8,3,4.8,7.5,2.1
8468,10,44.35,5,46,5,F,8,4,6,4.44,9.5,1.6
8469,14,66.75,1,50,27,M,8,8,6,4.77,8.5,2
8470,13,66.75,1,41,23,F,8,3,9,5.13,8.5,2
8471,15,54.7,13,25,23,N,8,6,9,3.65,7,0.8
8472,24,102.2,3,45,20,M,8,13,11,4.26,9.5,0.8
8473,8,29.25,13,49,23,F,8,1,7,3.66,5,2.5
8474,8,34.35,7,58,15,F,8,5,3,4.29,8.5,2.1
8475,17,67.3,6,46,18,F,8,8,9,3.96,7.6,0.8
8476,14,54,6,65,4,M,8,6,7,3.86,7.5,1.6
8477,16,62.9,6,37,22,M,8,10,6,3.93,8.5,2.2
8478,14,67.5,3,47,21,F,8,8,6,4.82,7.6,3.5
8479,13,55.4,7,29,16,F,8,10,3,4.26,7.5,2
8480,17,76.15,7,37,4,M,8,10,7,4.48,8,2.2
8481,20,90.4,1,21,1,N,8,11,9,4.52,8.5,1.6
8482,16,67.35,7,54,1,F,8,5,11,4.21,9,2.2
8483,20,88.8,2,61,27,M,8,8,12,4.44,9,0.8
8484,10,47.55,7,18,13,N,8,4,6,4.76,7.5,1.6
8485,16,70.2,2,58,12,F,8,8,8,4.39,7.5,2.5
8486,18,75.85,1,19,11,N,8,8,10,4.21,7.6,0.8
8487,20,83.1,3,49,16,M,8,10,10,4.16,6.2,1.6
8488,16,74.2,6,65,1,F,8,9,7,4.64,9,2.45
8489,16,82.9,1,65,17,F,8,7,9,5.18,9.5,2
8490,12,57.5,8,20,20,F,8,8,4,4.79,7,2.5
8491,11,59.9,2,61,23,F,8,3,8,5.45,8.95,3.75
8492,21,81.9,2,23,15,M,8,13,8,3.9,9.25,0.8
8493,16,66.6,3,28,26,M,8,12,4,4.16,8.5,2.1
8494,18,106.6,4,20,6,F,8,6,12,5.92,22.5,1.6
8495,17,80.45,4,67,27,M,8,6,11,4.73,9.5,2.2
8496,14,66.75,1,41,16,F,8,3,11,4.77,9.5,2.5
8497,12,66,5,41,27,F,8,6,6,5.5,14.75,2.2
8498,9,39.75,3,18,3,N,8,2,6,4.42,7,3
8499,12,58.1,1,22,17,F,8,8,4,4.84,9.5,0.8
8500,21,90.85,4,29,20,N,8,9,12,4.33,8,2
8501,6,28.75,2,52,9,F,8,3,3,4.79,6,3
